time,seconds_elapsed,y,z,x
1772884590945947000,0.42994677734375,2.3666303157806396,9.332380294799805,1.0587557554244995
1772884590956079000,0.4400791015625,2.251652479171753,9.183867454528809,1.3222469091415405
1772884590966211000,0.450211181640625,2.098348379135132,9.169495582580566,1.6671808958053589
1772884590976342000,0.460342041015625,2.098348379135132,9.169495582580566,1.6671808958053589
1772884590986474000,0.470473876953125,2.1750004291534424,9.054516792297363,1.6671808958053589
1772884590996606000,0.48060595703125,2.3283045291900635,8.939538955688477,1.590528964996338
1772884591006738000,0.490738037109375,2.404956340789795,9.016191482543945,1.4755510091781616
1772884591016870000,0.500869873046875,2.711564540863037,9.016191482543945,1.212059736251831
1772884591027002000,0.511002197265625,3.0948243141174316,9.131169319152832,0.7904736995697021
1772884591037133000,0.521133056640625,3.4780843257904053,10.165970802307129,0.48386573791503906
1772884591047265000,0.53126513671875,3.554736375808716,11.885849952697754,0.25390973687171936
1772884591057397000,0.54139697265625,3.2481284141540527,13.917128562927246,0.1389317512512207
1772884591067529000,0.551529052734375,3.0181725025177,16.25022315979004,-0.091024249792099
1772884591077661000,0.561660888671875,3.0181725025177,16.82511329650879,-0.052698247134685516
1772884591087793000,0.57179296875,2.7882163524627686,16.82511329650879,0.10060574859380722
1772884591097925000,0.581925048828125,3.0181725025177,16.096920013427734,0.33056172728538513
1772884591108056000,0.59205615234375,3.171476364135742,13.519495964050293,0.8671257495880127
1772884591118188000,0.60218798828125,2.979846477508545,12.134969711303711,1.82048499584198
1772884591128320000,0.612320068359375,2.864868402481079,11.50259017944336,2.5486788749694824
1772884591138452000,0.622451904296875,2.7498903274536133,10.395927429199219,3.238546848297119
1772884591148584000,0.632583984375,2.4816083908081055,10.089319229125977,3.7367849349975586
1772884591158716000,0.6427158203125,2.251652479171753,10.089319229125977,3.813436985015869
1772884591168847000,0.65284716796875,1.7534143924713135,10.855838775634766,3.4301769733428955
1772884591178979000,0.66297900390625,1.4468064308166504,11.354077339172363,2.8169608116149902
1772884591189111000,0.673111083984375,0.8767071962356567,12.537392616271973,2.1270928382873535
1772884591199243000,0.683242919921875,0.7234032154083252,12.537392616271973,1.5522029399871826
1772884591209375000,0.693375,0.7234032154083252,12.537392616271973,1.2839210033416748
1772884591219507000,0.7035068359375,0.9533592462539673,11.50259017944336,1.2839210033416748
1772884591229638000,0.713637939453125,1.221641182899475,10.165970802307129,1.2455949783325195
1772884591239770000,0.72377001953125,1.600110411643982,8.24967098236084,1.212059736251831
1772884591249902000,0.733902099609375,1.9833704233169556,6.874726295471191,1.2455949783325195
1772884591260034000,0.744033935546875,2.3283045291900635,5.073404312133789,1.4755510091781616
1772884591270166000,0.754166015625,2.404956340789795,3.9619500637054443,1.6288549900054932
1772884591280298000,0.764298095703125,2.558260440826416,2.6636569499969482,1.5522029399871826
1772884591290429000,0.774428955078125,2.5199344158172607,2.2420709133148193,1.2455949783325195
1772884591300561000,0.784560791015625,2.44328236579895,2.2420709133148193,1.0970816612243652
1772884591310693000,0.794693115234375,2.251652479171753,2.5486788749694824,0.9437777400016785
1772884591320825000,0.8048251953125,2.3666303157806396,3.6936681270599365,0.6371697187423706
1772884591330957000,0.81495703125,2.289978504180908,3.6936681270599365,0.48386573791503906
1772884591341089000,0.825089111328125,1.144989252090454,2.3953750133514404,-0.014372250065207481
1772884591351220000,0.835219970703125,1.7534143924713135,1.7055069208145142,-0.7425662279129028
1772884591361352000,0.84535205078125,2.44328236579895,1.7055069208145142,-0.7425662279129028
1772884591371484000,0.85548388671875,2.4816083908081055,2.31872296333313,-0.3593062460422516
1772884591381616000,0.8656162109375,2.7498903274536133,2.893612861633301,-0.091024249792099
1772884591391748000,0.875748046875,1.9450443983078003,2.893612861633301,0.21558374166488647
1772884591401880000,0.885880126953125,1.9067184925079346,4.613492012023926,-0.16767624020576477
1772884591412011000,0.896010986328125,1.9833704233169556,7.521477222442627,-0.9725221991539001
1772884591422143000,0.90614306640625,2.1750004291534424,12.115806579589844,-1.6240642070770264
1772884591432275000,0.91627490234375,2.136674404144287,15.751985549926758,-1.9689981937408447
1772884591442407000,0.926406982421875,1.7917404174804688,18.128196716308594,-1.7390421628952026
1772884591452539000,0.936538818359375,1.4468064308166504,19.5462589263916,-1.7390421628952026
1772884591462671000,0.946671142578125,1.6767624616622925,19.5462589263916,-2.3522582054138184
1772884591472802000,0.956802001953125,2.289978504180908,17.936567306518555,-3.2289655208587646
1772884591482934000,0.96693408203125,3.3247804641723633,16.671810150146484,-3.612225294113159
1772884591493066000,0.97706591796875,4.742842197418213,14.530344009399414,-3.727203369140625
1772884591503198000,0.987197998046875,6.041135787963867,13.687171936035156,-3.3439433574676514
1772884591513330000,0.997329833984375,5.6578755378723145,13.687171936035156,-2.00732421875
1772884591523462000,1.0074619140625,4.436234474182129,14.415366172790527,-0.7808922529220581
1772884591533593000,1.017593017578125,3.5164103507995605,15.565146446228027,-0.052698247134685516
1772884591543725000,1.02772509765625,3.2481284141540527,15.565146446228027,0.48386573791503906
1772884591553857000,1.03785693359375,3.286454439163208,14.990256309509277,1.0587557554244995
1772884591563989000,1.047989013671875,3.401432514190674,13.687171936035156,1.5522029399871826
1772884591574121000,1.058120849609375,3.0948243141174316,11.770872116088867,1.82048499584198
1772884591584253000,1.0682529296875,2.2133264541625977,10.357601165771484,1.82048499584198
1772884591594384000,1.0783837890625,1.4851324558258057,8.786234855651855,1.6288549900054932
1772884591604516000,1.08851611328125,0.8383812308311462,7.40649938583374,1.1737337112426758
1772884591614648000,1.09864794921875,0.7234032154083252,6.4531402587890625,0.5988437533378601
1772884591624780000,1.108780029296875,0.8767071962356567,6.4531402587890625,-0.014372250065207481
1772884591634912000,1.118912109375,0.8383812308311462,8.556279182434082,-0.24432824552059174
1772884591645044000,1.1290439453125,0.7234032154083252,8.556279182434082,-0.16767624020576477
1772884591655175000,1.1391748046875,0.37846922874450684,7.521477222442627,0.10060574859380722
1772884591665307000,1.149306884765625,0.11018724739551544,7.521477222442627,0.4072137475013733
1772884591675439000,1.159439208984375,0.2634912431240082,7.751433372497559,0.4455397427082062
1772884591685571000,1.169571044921875,0.30181723833084106,7.751433372497559,0.6754957437515259
1772884591695703000,1.179703125,0.6467512249946594,7.674781322479248,0.9054517149925232
1772884591705835000,1.1898349609375,1.144989252090454,3.923624038696289,0.982103705406189
1772884591715966000,1.199966064453125,1.144989252090454,3.770320177078247,0.982103705406189
1772884591726098000,1.210097900390625,1.2599672079086304,3.770320177078247,0.5988437533378601
1772884591736230000,1.22022998046875,1.4084804058074951,3.4253861904144287,0.10060574859380722
1772884591746362000,1.230362060546875,1.5617845058441162,2.625330924987793,-0.5126102566719055
1772884591756494000,1.240494140625,1.7534143924713135,2.625330924987793,-1.049174189567566
1772884591766626000,1.2506259765625,2.0216963291168213,2.778635025024414,-1.2408041954040527
1772884591776758000,1.260758056640625,2.3666303157806396,3.1235690116882324,-1.5474121570587158
1772884591786889000,1.270888916015625,2.711564540863037,3.1235690116882324,-1.3941081762313843
1772884591797021000,1.28102099609375,2.44328236579895,3.5020382404327393,-0.5892622470855713
1772884591807153000,1.29115283203125,2.136674404144287,3.5020382404327393,0.29223573207855225
1772884591817285000,1.30128515625,2.0600223541259766,4.230232238769531,1.212059736251831
1772884591827417000,1.3114169921875,2.2133264541625977,6.299836158752441,1.8588109016418457
1772884591837549000,1.321549072265625,2.44328236579895,7.257986068725586,2.510352849960327
1772884591847680000,1.331679931640625,2.711564540863037,7.713107109069824,2.625330924987793
1772884591857812000,1.34181201171875,2.979846477508545,8.862887382507324,2.5870048999786377
1772884591867944000,1.35194384765625,3.133150339126587,10.54923152923584,2.510352849960327
1772884591878076000,1.362075927734375,2.1750004291534424,15.335190773010254,2.7019829750061035
1772884591888208000,1.372207763671875,1.2982932329177856,17.13172149658203,2.472026824951172
1772884591898340000,1.382340087890625,0.8767071962356567,19.661237716674805,1.7055069208145142
1772884591908471000,1.392470947265625,1.3701545000076294,19.661237716674805,0.7904736995697021
1772884591918603000,1.40260302734375,2.404956340789795,18.28150177001953,0.3688877522945404
1772884591928735000,1.41273486328125,3.861344337463379,16.901765823364258,0.21558374166488647
1772884591938867000,1.422866943359375,5.356058120727539,14.798625946044922,0.023953748866915703
1772884591948999000,1.4329990234375,6.271091461181641,13.610520362854004,-0.014372250065207481
1772884591959131000,1.443130859375,6.309417724609375,12.920652389526367,-0.3209802508354187
1772884591969262000,1.453261962890625,5.8111796379089355,12.920652389526367,-0.3209802508354187
1772884591979394000,1.46339404296875,4.934472560882568,13.648846626281738,0.21558374166488647
1772884591989526000,1.473526123046875,3.9379963874816895,14.108757972717285,1.0970816612243652
1772884591999658000,1.483657958984375,3.43975830078125,14.606996536254883,1.82048499584198
1772884592009790000,1.4937900390625,3.133150339126587,14.606996536254883,2.510352849960327
1772884592019922000,1.503921875,2.558260440826416,14.14708423614502,2.740309000015259
1772884592030053000,1.51405322265625,1.7534143924713135,13.342238426208496,2.5870048999786377
1772884592040185000,1.52418505859375,1.2982932329177856,11.73254680633545,2.203744888305664
1772884592050317000,1.534317138671875,1.0300111770629883,10.970817565917969,1.9737889766693115
1772884592060449000,1.544448974609375,1.221641182899475,9.591081619262695,1.897136926651001
1772884592070581000,1.5545810546875,1.4084804058074951,8.287997245788574,1.6288549900054932
1772884592080713000,1.564712890625,1.6384364366531372,8.019715309143066,1.212059736251831
1772884592090844000,1.574843994140625,1.600110411643982,7.21966028213501,0.7904736995697021
1772884592100976000,1.58497607421875,1.4851324558258057,6.7597479820251465,0.4072137475013733
1772884592111108000,1.595108154296875,1.2982932329177856,6.031554222106934,0.023953748866915703
1772884592121240000,1.605239990234375,1.221641182899475,5.418338298797607,-0.24432824552059174
1772884592131372000,1.6153720703125,1.4468064308166504,5.111730098724365,-0.3593062460422516
1772884592141504000,1.62550390625,1.830066442489624,4.383536338806152,-0.6275882124900818
1772884592151635000,1.635635009765625,1.830066442489624,4.345210075378418,-0.7425662279129028
1772884592161767000,1.645766845703125,1.9833704233169556,3.923624038696289,-0.8958702087402344
1772884592171899000,1.65589892578125,2.3666303157806396,3.923624038696289,-1.3557822704315186
1772884592182031000,1.666031005859375,2.44328236579895,3.8469722270965576,-1.5474121570587158
1772884592192163000,1.6761630859375,2.251652479171753,3.6936681270599365,-1.7390421628952026
1772884592202295000,1.686294921875,2.0600223541259766,3.5403642654418945,-1.3557822704315186
1772884592212426000,1.696426025390625,2.098348379135132,3.1235690116882324,-1.0875002145767212
1772884592222558000,1.706557861328125,2.098348379135132,3.046916961669922,-0.5892622470855713
1772884592232690000,1.71668994140625,2.136674404144287,3.046916961669922,-0.091024249792099
1772884592242822000,1.72682177734375,2.289978504180908,3.046916961669922,0.3688877522945404
1772884592252954000,1.7369541015625,2.404956340789795,3.085242986679077,0.7138217091560364
1772884592263086000,1.747086181640625,2.44328236579895,3.348734140396118,1.0204297304153442
1772884592273217000,1.757217041015625,2.711564540863037,4.230232238769531,1.0970816612243652
1772884592283349000,1.767348876953125,2.826542377471924,5.073404312133789,1.2455949783325195
1772884592293481000,1.77748095703125,2.673238515853882,6.299836158752441,1.398898959159851
1772884592303613000,1.787613037109375,2.5199344158172607,8.364648818969727,1.1737337112426758
1772884592313745000,1.797744873046875,2.1750004291534424,10.395927429199219,0.6754957437515259
1772884592323877000,1.807877197265625,2.0600223541259766,13.073956489562988,-0.20600225031375885
1772884592334008000,1.818008056640625,1.600110411643982,15.943615913391113,-1.1258262395858765
1772884592344140000,1.82814013671875,1.221641182899475,18.54978370666504,-1.8156942129135132
1772884592354272000,1.83827197265625,1.7534143924713135,20.72957420349121,-2.2372801303863525
1772884592364404000,1.848404052734375,2.136674404144287,20.72957420349121,-1.7390421628952026
1772884592374536000,1.858535888671875,3.0948243141174316,19.163000106811523,-1.6623902320861816
1772884592384668000,1.86866796875,4.58953857421875,16.17357063293457,-1.777368187904358
1772884592394800000,1.878800048828125,5.6578755378723145,13.533868789672852,-1.9306721687316895
1772884592404931000,1.88893115234375,6.1177873611450195,10.970817565917969,-1.585738182067871
1772884592415063000,1.89906298828125,5.8111796379089355,10.702535629272461,-1.0108481645584106
1772884592425195000,1.909195068359375,4.742842197418213,10.702535629272461,-0.20600225031375885
1772884592435327000,1.919326904296875,3.9379963874816895,10.740860939025879,0.5221917629241943
1772884592445459000,1.929458984375,3.2481284141540527,11.354077339172363,1.212059736251831
1772884592455591000,1.9395908203125,2.1750004291534424,11.46905517578125,1.82048499584198
1772884592465722000,1.94972216796875,1.2982932329177856,11.617568016052246,1.9354629516601562
1772884592475854000,1.95985400390625,0.8383812308311462,11.617568016052246,1.7821589708328247
1772884592485986000,1.969986083984375,0.5317732095718384,11.354077339172363,1.3605729341506958
1772884592496118000,1.980117919921875,0.4167952239513397,10.395927429199219,0.982103705406189
1772884592506250000,1.99025,0.455121248960495,8.939538955688477,0.6371697187423706
1772884592516382000,2.0003818359375,0.800055205821991,8.096366882324219,0.29223573207855225
1772884592526513000,2.010512939453125,1.0300111770629883,6.989704132080078,0.10060574859380722
1772884592536645000,2.02064501953125,1.0300111770629883,6.261509895324707,0.023953748866915703
1772884592546777000,2.030777099609375,1.221641182899475,5.763272285461426,0.062279749661684036
1772884592556909000,2.040908935546875,1.2982932329177856,5.073404312133789,-0.091024249792099
1772884592567041000,2.051041015625,1.523458480834961,4.805121898651123,-0.24432824552059174
1772884592577173000,2.061173095703125,1.830066442489624,4.383536338806152,-0.3976322412490845
1772884592587304000,2.071303955078125,1.9833704233169556,3.6553421020507812,-0.6659142374992371
1772884592597436000,2.081435791015625,2.0216963291168213,3.5020382404327393,-0.9341962337493896
1772884592607568000,2.09156787109375,2.1750004291534424,3.5020382404327393,-1.0875002145767212
1772884592617700000,2.1017001953125,2.136674404144287,3.2768728733062744,-1.1641522645950317
1772884592627832000,2.11183203125,2.136674404144287,3.2768728733062744,-1.1641522645950317
1772884592637964000,2.121964111328125,2.1750004291534424,3.0085909366607666,-0.8958702087402344
1772884592648095000,2.132094970703125,1.9450443983078003,2.893612861633301,-0.6659142374992371
1772884592658227000,2.14222705078125,1.9833704233169556,2.893612861633301,-0.3593062460422516
1772884592668359000,2.15235888671875,2.0216963291168213,2.8169608116149902,-0.16767624020576477
1772884592678491000,2.162490966796875,2.136674404144287,4.086509704589844,-0.014372250065207481
1772884592688623000,2.172623046875,2.136674404144287,6.740584850311279,0.1389317512512207
1772884592698755000,2.182755126953125,2.289978504180908,8.077204704284668,0.4072137475013733
1772884592708886000,2.192885986328125,2.44328236579895,7.832876205444336,0.8287997245788574
1772884592719018000,2.20301806640625,2.711564540863037,6.366906642913818,1.1737337112426758
1772884592729150000,2.21314990234375,2.9031944274902344,4.57516622543335,1.398898959159851
1772884592739282000,2.223281982421875,3.2481284141540527,6.14653205871582,1.3605729341506958
1772884592749414000,2.233413818359375,3.3631064891815186,8.096366882324219,0.8671257495880127
1772884592759546000,2.243546142578125,3.2481284141540527,10.932491302490234,0.1389317512512207
1772884592769677000,2.253677001953125,2.5199344158172607,14.87527847290039,-0.5892622470855713
1772884592779809000,2.26380908203125,1.144989252090454,18.28150177001953,-1.6240642070770264
1772884592789941000,2.27394091796875,0.37846922874450684,20.80622673034668,-2.9223573207855225
1772884592800073000,2.284072998046875,0.6467512249946594,20.80622673034668,-4.033811569213867
1772884592810205000,2.294204833984375,1.7150884866714478,20.42296600341797,-4.148789405822754
1772884592820337000,2.3043369140625,3.4780843257904053,18.66476058959961,-3.3439433574676514
1772884592830468000,2.314468017578125,5.279406547546387,16.096920013427734,-2.313932180404663
1772884592840600000,2.32460009765625,6.2327656745910645,13.993780136108398,-0.8192182183265686
1772884592850732000,2.33473193359375,5.394384384155273,13.035630226135254,-0.550936222076416
1772884592860864000,2.344864013671875,4.282930374145508,13.035630226135254,-0.3593062460422516
1772884592870996000,2.354995849609375,3.171476364135742,13.993780136108398,-0.091024249792099
1772884592881128000,2.3651279296875,2.558260440826416,15.488493919372559,-0.091024249792099
1772884592891259000,2.3752587890625,2.1750004291534424,16.13524627685547,0.062279749661684036
1772884592901391000,2.38539111328125,1.3701545000076294,17.13172149658203,0.29223573207855225
1772884592911523000,2.395523193359375,0.800055205821991,17.13172149658203,0.062279749661684036
1772884592921655000,2.405655029296875,0.7234032154083252,16.63348388671875,-0.5126102566719055
1772884592931787000,2.415787109375,0.8383812308311462,14.951930046081543,-1.0875002145767212
1772884592941919000,2.4259189453125,1.221641182899475,13.035630226135254,-1.2408041954040527
1772884592952050000,2.4360498046875,1.6384364366531372,10.855838775634766,-1.0875002145767212
1772884592962182000,2.446181884765625,2.098348379135132,9.092843055725098,-0.47428423166275024
1772884592972314000,2.456314208984375,2.3283045291900635,7.143008232116699,0.4072137475013733
1772884592982446000,2.466446044921875,2.5199344158172607,6.261509895324707,0.9054517149925232
1772884592992578000,2.476578125,2.5199344158172607,4.57516622543335,1.212059736251831
1772884593002710000,2.4867099609375,2.44328236579895,3.5403642654418945,1.3222469091415405
1772884593012841000,2.496841064453125,2.44328236579895,2.5486788749694824,1.2839210033416748
1772884593022973000,2.506972900390625,2.44328236579895,1.897136926651001,1.1737337112426758
1772884593033105000,2.51710498046875,2.251652479171753,1.6288549900054932,0.7521477341651917
1772884593043237000,2.527237060546875,2.1750004291534424,1.8588109016418457,0.3688877522945404
1772884593053369000,2.537369140625,2.136674404144287,1.8588109016418457,0.10060574859380722
1772884593063501000,2.5475009765625,2.0600223541259766,1.8588109016418457,-0.014372250065207481
1772884593073633000,2.557633056640625,1.9067184925079346,1.9354629516601562,-0.16767624020576477
1772884593083764000,2.567763916015625,1.8683924674987793,2.012115001678467,-0.3593062460422516
1772884593093896000,2.57789599609375,1.8683924674987793,2.012115001678467,-0.47428423166275024
1772884593104028000,2.58802783203125,1.8683924674987793,2.012115001678467,-0.6275882124900818
1772884593114160000,2.59816015625,1.9450443983078003,2.012115001678467,-0.7425662279129028
1772884593124292000,2.6082919921875,2.0216963291168213,2.4337010383605957,-0.9341962337493896
1772884593134424000,2.618424072265625,2.2133264541625977,2.4337010383605957,-1.1258262395858765
1772884593144555000,2.628554931640625,2.3666303157806396,2.778635025024414,-0.8192182183265686
1772884593154687000,2.63868701171875,2.3666303157806396,3.4253861904144287,-0.3976322412490845
1772884593164819000,2.64881884765625,2.5965864658355713,4.230232238769531,-0.014372250065207481
1772884593174951000,2.658950927734375,2.9415204524993896,5.150055885314941,0.21558374166488647
1772884593185083000,2.669082763671875,3.3631064891815186,6.568118095397949,0.21558374166488647
1772884593195215000,2.679215087890625,3.7846922874450684,8.379021644592285,0.29223573207855225
1772884593205346000,2.689345947265625,3.43975830078125,10.654627799987793,-0.091024249792099
1772884593215478000,2.69947802734375,2.711564540863037,11.1576566696167,-0.3209802508354187
1772884593225610000,2.70960986328125,1.5617845058441162,13.040421485900879,-1.2408041954040527
1772884593235742000,2.719741943359375,1.4851324558258057,19.028858184814453,-2.620540142059326
1772884593245874000,2.7298740234375,2.1750004291534424,20.844552993774414,-3.458921432495117
1772884593256006000,2.740005859375,3.401432514190674,20.269662857055664,-3.8038554191589355
1772884593266137000,2.75013720703125,5.241080284118652,18.894718170166016,-3.5355734825134277
1772884593276269000,2.76026904296875,6.807655334472656,16.13524627685547,-2.7738442420959473
1772884593286401000,2.770401123046875,7.190915584564209,13.80215072631836,-1.9306721687316895
1772884593296533000,2.780532958984375,6.616025447845459,12.154132843017578,-1.8156942129135132
1772884593306665000,2.7906650390625,6.156113624572754,11.73254680633545,-2.313932180404663
1772884593316797000,2.800796875,5.581223487854004,11.73254680633545,-2.582214117050171
1772884593326928000,2.810927978515625,4.436234474182129,12.000828742980957,-1.700716257095337
1772884593337060000,2.82106005859375,3.6313884258270264,12.690696716308594,-0.7808922529220581
1772884593347192000,2.831192138671875,2.5199344158172607,13.112282752990723,-0.12935024499893188
1772884593357324000,2.841323974609375,1.4084804058074951,13.112282752990723,-0.014372250065207481
1772884593367456000,2.8514560546875,0.800055205821991,12.65237045288086,-0.2826542556285858
1772884593377588000,2.861587890625,0.6467512249946594,12.23078441619873,-0.5892622470855713
1772884593387719000,2.871718994140625,0.6467512249946594,10.625883102416992,-0.7808922529220581
1772884593397851000,2.881850830078125,0.8383812308311462,9.97434139251709,-0.7425662279129028
1772884593407983000,2.891983154296875,1.144989252090454,9.97434139251709,-0.6659142374992371
1772884593418115000,2.902114990234375,1.221641182899475,9.859363555908203,-0.3209802508354187
1772884593428247000,2.9122470703125,1.221641182899475,9.744384765625,0.10060574859380722
1772884593438379000,2.92237890625,1.1066632270812988,6.874726295471191,0.33056172728538513
1772884593448510000,2.932510009765625,1.2599672079086304,5.801598072052002,0.5221917629241943
1772884593458642000,2.942641845703125,1.4084804058074951,4.536839962005615,0.3688877522945404
1772884593468774000,2.95277392578125,1.7917404174804688,3.5020382404327393,0.4072137475013733
1772884593478906000,2.962906005859375,1.9067184925079346,-0.364096999168396,0.1772577464580536
1772884593489038000,2.9730380859375,2.1750004291534424,-0.364096999168396,-0.052698247134685516
1772884593499170000,2.983170166015625,2.3666303157806396,1.0156389474868774,-0.47428423166275024
1772884593509301000,2.993301025390625,2.4816083908081055,1.168942928314209,-0.7042402029037476
1772884593519433000,3.003432861328125,2.5965864658355713,1.9354629516601562,-0.8958702087402344
1772884593529565000,3.01356494140625,2.5965864658355713,2.2803969383239746,-0.8192182183265686
1772884593539697000,3.02369677734375,2.136674404144287,4.177534103393555,-0.6275882124900818
1772884593549829000,3.0338291015625,1.7534143924713135,5.705782890319824,-0.3593062460422516
1772884593559961000,3.043961181640625,1.4851324558258057,6.060298442840576,-0.12935024499893188
1772884593570092000,3.054092041015625,1.2599672079086304,6.592072010040283,-0.014372250065207481
1772884593580224000,3.06422412109375,1.4468064308166504,7.430452823638916,0.10060574859380722
1772884593590356000,3.07435595703125,1.9450443983078003,8.398184776306152,0.1389317512512207
1772884593600488000,3.084488037109375,2.1750004291534424,9.020981788635254,0.21558374166488647
1772884593610620000,3.094619873046875,2.5199344158172607,9.044936180114746,0.33056172728538513
1772884593620752000,3.104751953125,2.7498903274536133,8.929957389831543,0.33056172728538513
1772884593630883000,3.114883056640625,2.979846477508545,8.829352378845215,0.33056172728538513
1772884593641015000,3.12501513671875,3.43975830078125,8.532325744628906,0.062279749661684036
1772884593651147000,3.13514697265625,3.9379963874816895,9.11679744720459,-0.6659142374992371
1772884593661279000,3.145279052734375,3.401432514190674,11.152865409851074,-0.9725221991539001
1772884593671411000,3.155410888671875,2.2133264541625977,14.343504905700684,-1.1258262395858765
1772884593681543000,3.16554296875,1.144989252090454,19.809751510620117,-1.5474121570587158
1772884593691675000,3.1756748046875,1.2982932329177856,21.95600700378418,-2.5438880920410156
1772884593701806000,3.18580615234375,2.0216963291168213,21.95600700378418,-3.458921432495117
1772884593711938000,3.19593798828125,3.708040475845337,20.499618530273438,-4.072137355804443
1772884593722070000,3.206070068359375,5.734527587890625,17.40000343322754,-4.072137355804443
1772884593732202000,3.216201904296875,7.152589321136475,13.840476036071777,-3.612225294113159
1772884593742334000,3.226333984375,7.497523307800293,10.779187202453613,-3.152313470840454
1772884593752466000,3.2364658203125,7.190915584564209,9.782711029052734,-2.9223573207855225
1772884593762597000,3.24659716796875,6.3860697746276855,9.782711029052734,-2.8121702671051025
1772884593772729000,3.25672900390625,5.356058120727539,10.587556838989258,-2.3905842304229736
1772884593782861000,3.266861083984375,3.9379963874816895,12.000828742980957,-1.9689981937408447
1772884593792993000,3.276992919921875,3.0181725025177,12.767348289489746,-1.6623902320861816
1772884593803125000,3.287125,2.3283045291900635,13.533868789672852,-1.2408041954040527
1772884593813257000,3.297257080078125,0.455121248960495,13.763824462890625,-0.6659142374992371
1772884593823388000,3.307387939453125,0.07186124473810196,13.763824462890625,-0.8958702087402344
1772884593833520000,3.31752001953125,0.14851324260234833,12.57571792602539,-1.049174189567566
1772884593843652000,3.327652099609375,0.6467512249946594,11.46905517578125,-1.0108481645584106
1772884593853784000,3.3377841796875,1.1833151578903198,9.706059455871582,-0.7425662279129028
1772884593863916000,3.347916015625,1.600110411643982,8.24967098236084,-0.3209802508354187
1772884593874048000,3.358048095703125,1.9450443983078003,6.836400032043457,-0.16767624020576477
1772884593884179000,3.368178955078125,2.098348379135132,5.763272285461426,-0.20600225031375885
1772884593894311000,3.378310791015625,2.136674404144287,5.150055885314941,-0.12935024499893188
1772884593904443000,3.38844287109375,2.289978504180908,4.843448162078857,-0.052698247134685516
1772884593914575000,3.3985751953125,2.098348379135132,4.805121898651123,0.10060574859380722
1772884593924707000,3.40870703125,2.0216963291168213,4.613492012023926,0.3688877522945404
1772884593934839000,3.418839111328125,2.289978504180908,4.613492012023926,0.5988437533378601
1772884593944970000,3.428969970703125,2.44328236579895,4.57516622543335,0.33056172728538513
1772884593955102000,3.43910205078125,2.673238515853882,3.6553421020507812,0.062279749661684036
1772884593965234000,3.44923388671875,2.5965864658355713,3.5020382404327393,-0.3976322412490845
1772884593975366000,3.459365966796875,2.5199344158172607,3.4253861904144287,-0.550936222076416
1772884593985498000,3.469498046875,2.3283045291900635,3.4253861904144287,-0.7425662279129028
1772884593995630000,3.479630126953125,2.251652479171753,3.6936681270599365,-0.7425662279129028
1772884594005761000,3.489760986328125,2.0600223541259766,3.885298252105713,-0.5892622470855713
1772884594015893000,3.49989306640625,2.098348379135132,4.345210075378418,-0.091024249792099
1772884594026025000,3.51002490234375,2.4816083908081055,6.299836158752441,0.21558374166488647
1772884594036157000,3.520156982421875,3.0181725025177,8.723955154418945,0.6371697187423706
1772884594046289000,3.530288818359375,3.593062400817871,9.203030586242676,0.7904736995697021
1772884594056421000,3.540421142578125,4.244604587554932,7.40649938583374,0.8287997245788574
1772884594066552000,3.550552001953125,4.704516410827637,5.609968185424805,0.7138217091560364
1772884594076684000,3.56068408203125,5.087776184082031,6.798074245452881,0.5221917629241943
1772884594086816000,3.57081591796875,4.857820510864258,8.441301345825195,0.4072137475013733
1772884594096948000,3.580947998046875,4.551212310791016,10.587556838989258,-0.091024249792099
1772884594107080000,3.591079833984375,4.052974224090576,12.958978652954102,-0.7042402029037476
1772884594117212000,3.6012119140625,3.401432514190674,15.675333976745605,-1.5474121570587158
1772884594127343000,3.611343017578125,3.2481284141540527,17.13172149658203,-2.5055620670318604
1772884594137475000,3.62147509765625,3.708040475845337,17.246700286865234,-2.7738442420959473
1772884594147607000,3.63160693359375,4.0146484375,17.246700286865234,-2.6588661670684814
1772884594157739000,3.641739013671875,4.167952537536621,15.905289649963379,-2.6971921920776367
1772884594167871000,3.65187109375,5.619549751281738,14.606996536254883,-3.305617332458496
1772884594178003000,3.6620029296875,7.804131507873535,12.07748031616211,-3.5355734825134277
1772884594188134000,3.6721337890625,8.608977317810059,9.667733192443848,-3.1906394958496094
1772884594198266000,3.68226611328125,7.804131507873535,8.63293170928955,-2.8121702671051025
1772884594208398000,3.692398193359375,6.309417724609375,8.63293170928955,-2.7738442420959473
1772884594218530000,3.702530029296875,5.087776184082031,14.453692436218262,-2.5438880920410156
1772884594228662000,3.712662109375,3.554736375808716,15.105234146118164,-1.585738182067871
1772884594238794000,3.7227939453125,1.7150884866714478,15.488493919372559,-0.12935024499893188
1772884594248925000,3.732925048828125,0.2634912431240082,16.71013641357422,1.212059736251831
1772884594259057000,3.743056884765625,-0.273072749376297,16.71013641357422,2.0887670516967773
1772884594269189000,3.753189208984375,0.07186124473810196,16.096920013427734,2.6636569499969482
1772884594279321000,3.763321044921875,0.800055205821991,14.30038833618164,3.1235690116882324
1772884594289453000,3.773453125,1.4468064308166504,12.384088516235352,3.660132884979248
1772884594299585000,3.7835849609375,2.44328236579895,6.338161945343018,3.775110960006714
1772884594309716000,3.793716064453125,2.6349124908447266,6.338161945343018,3.085242986679077
1772884594319848000,3.803847900390625,2.5965864658355713,6.568118095397949,1.7821589708328247
1772884594329980000,3.81397998046875,2.404956340789795,7.5981292724609375,0.3688877522945404
1772884594340112000,3.82411181640625,1.9833704233169556,7.789759159088135,-0.6275882124900818
1772884594350244000,3.834244140625,1.5617845058441162,7.866411209106445,-1.1258262395858765
1772884594360376000,3.8443759765625,1.0300111770629883,7.866411209106445,-1.3557822704315186
1772884594370508000,3.854508056640625,0.915033221244812,7.3346381187438965,-1.2408041954040527
1772884594380639000,3.864638916015625,1.0300111770629883,6.913052082061768,-1.0875002145767212
1772884594390771000,3.87477099609375,1.1833151578903198,5.993227958679199,-0.9341962337493896
1772884594400903000,3.88490283203125,1.6767624616622925,4.613492012023926,-0.8958702087402344
1772884594411035000,3.895034912109375,2.1750004291534424,3.731994152069092,-0.8958702087402344
1772884594421167000,3.9051669921875,2.673238515853882,2.472026824951172,-1.1258262395858765
1772884594431299000,3.915299072265625,2.826542377471924,2.203744888305664,-0.9341962337493896
1772884594441430000,3.925429931640625,2.711564540863037,2.012115001678467,-0.550936222076416
1772884594451562000,3.93556201171875,2.558260440826416,2.012115001678467,-0.091024249792099
1772884594461694000,3.94569384765625,2.289978504180908,2.165418863296509,0.4455397427082062
1772884594471826000,3.955825927734375,2.1750004291534424,2.5870048999786377,0.7521477341651917
1772884594481958000,3.9659580078125,2.251652479171753,2.778635025024414,1.0970816612243652
1772884594492090000,3.976090087890625,2.6349124908447266,3.200220823287964,1.2455949783325195
1772884594502221000,3.986220947265625,3.2481284141540527,3.6936681270599365,1.398898959159851
1772884594512353000,3.99635302734375,4.167952537536621,4.613492012023926,0.9437777400016785
1772884594522485000,4.006485107421875,5.164428234100342,5.57164192199707,0.5221917629241943
1772884594532617000,4.016616943359375,5.6578755378723145,7.372963905334473,0.1389317512512207
1772884594542749000,4.0267490234375,5.8111796379089355,9.284473419189453,-0.3593062460422516
1772884594552881000,4.036880859375,5.542897701263428,11.200773239135742,-1.0875002145767212
1772884594563012000,4.04701220703125,5.241080284118652,12.690696716308594,-1.8923461437225342
1772884594573144000,4.05714404296875,5.241080284118652,12.920652389526367,-2.275606155395508
1772884594583276000,4.067276123046875,5.581223487854004,12.920652389526367,-2.0456502437591553
1772884594593408000,4.077407958984375,6.424395561218262,12.307435989379883,-1.2408041954040527
1772884594603540000,4.0875400390625,7.382545471191406,11.46905517578125,-0.6275882124900818
1772884594613672000,4.097671875,8.034087181091309,10.165970802307129,-0.8958702087402344
1772884594623803000,4.107802978515625,9.030563354492188,8.441301345825195,-1.9306721687316895
1772884594633935000,4.11793505859375,9.677314758300781,6.913052082061768,-2.9223573207855225
1772884594644067000,4.128067138671875,9.33717155456543,6.913052082061768,-3.458921432495117
1772884594654199000,4.138198974609375,8.723955154418945,7.521477222442627,-2.9606833457946777
1772884594664331000,4.1483310546875,7.689153671264648,10.012667655944824,-1.6240642070770264
1772884594674463000,4.158462890625,5.964483737945557,13.265586853027344,0.25390973687171936
1772884594684594000,4.168593994140625,4.551212310791016,17.591632843017578,1.897136926651001
1772884594694726000,4.178725830078125,3.43975830078125,19.886402130126953,3.046916961669922
1772884594704858000,4.188858154296875,2.979846477508545,19.886402130126953,3.2768728733062744
1772884594714990000,4.198989990234375,3.171476364135742,18.85639190673828,3.238546848297119
1772884594725122000,4.2091220703125,3.171476364135742,16.25022315979004,2.9702649116516113
1772884594735254000,4.21925390625,2.9415204524993896,13.72549819946289,2.6636569499969482
1772884594745385000,4.229385009765625,2.9415204524993896,10.587556838989258,2.510352849960327
1772884594755517000,4.239516845703125,3.0181725025177,7.943063259124756,1.897136926651001
1772884594765649000,4.24964892578125,3.401432514190674,6.1848578453063965,0.9437777400016785
1772884594775781000,4.259781005859375,3.8230183124542236,5.49498987197876,-0.24432824552059174
1772884594785913000,4.2699130859375,4.129626274108887,4.613492012023926,-0.8192182183265686
1772884594796045000,4.280045166015625,3.6313884258270264,2.778635025024414,-0.9725221991539001
1772884594806176000,4.290176025390625,2.6349124908447266,2.778635025024414,-1.0875002145767212
1772884594816308000,4.300307861328125,1.830066442489624,3.5020382404327393,-1.3557822704315186
1772884594826440000,4.31043994140625,1.4084804058074951,3.885298252105713,-1.6240642070770264
1772884594836572000,4.320572021484375,1.1833151578903198,4.0002760887146,-1.7390421628952026
1772884594846704000,4.3307041015625,1.3701545000076294,4.57516622543335,-1.7390421628952026
1772884594856836000,4.340836181640625,1.4084804058074951,4.728470325469971,-1.4707602262496948
1772884594866967000,4.350967041015625,1.221641182899475,4.728470325469971,-0.8192182183265686
1772884594877099000,4.36109912109375,1.144989252090454,4.07692813873291,-0.47428423166275024
1772884594887231000,4.37123095703125,1.4084804058074951,3.238546848297119,-0.16767624020576477
1772884594897363000,4.381363037109375,1.7917404174804688,2.931938886642456,0.023953748866915703
1772884594907495000,4.391494873046875,2.251652479171753,2.472026824951172,0.25390973687171936
1772884594917627000,4.401626953125,2.4816083908081055,1.5138769149780273,0.5221917629241943
1772884594927758000,4.411758056640625,2.673238515853882,1.398898959159851,0.6371697187423706
1772884594937890000,4.42189013671875,2.9031944274902344,1.398898959159851,0.6754957437515259
1772884594948022000,4.43202197265625,3.746366500854492,1.6288549900054932,0.6371697187423706
1772884594958154000,4.442154052734375,4.896146297454834,2.3953750133514404,0.48386573791503906
1772884594968286000,4.452285888671875,5.734527587890625,4.57516622543335,0.062279749661684036
1772884594978418000,4.46241796875,5.887831687927246,8.63293170928955,-0.24432824552059174
1772884594988550000,4.4725498046875,5.696201801300049,13.112282752990723,-0.9341962337493896
1772884594998681000,4.48268115234375,5.696201801300049,16.55683135986328,-2.1989541053771973
1772884595008813000,4.49281298828125,5.581223487854004,16.55683135986328,-2.9223573207855225
1772884595018945000,4.502945068359375,5.164428234100342,16.326875686645508,-3.0756614208221436
1772884595029077000,4.513076904296875,4.896146297454834,14.645322799682617,-2.8840315341949463
1772884595039209000,4.523208984375,6.2327656745910645,12.499066352844238,-3.6505513191223145
1772884595049341000,4.5333408203125,8.877259254455566,11.315751075744629,-4.110463619232178
1772884595059472000,4.543471923828125,10.44383430480957,9.284473419189453,-3.9188334941864014
1772884595069604000,4.55360400390625,11.057050704956055,7.90473747253418,-3.458921432495117
1772884595079736000,4.563736083984375,9.677314758300781,7.90473747253418,-1.3174562454223633
1772884595089868000,4.573867919921875,6.6926774978637695,10.242623329162598,1.212059736251831
1772884595100000000,4.584,3.6697144508361816,13.878802299499512,3.1618947982788086
1772884595110132000,4.594132080078125,1.9833704233169556,17.246700286865234,3.775110960006714
1772884595120263000,4.604262939453125,1.600110411643982,19.5462589263916,3.2768728733062744
1772884595130395000,4.614394775390625,1.9450443983078003,19.5462589263916,2.203744888305664
1772884595140527000,4.624527099609375,2.098348379135132,18.47313117980957,1.5522029399871826
1772884595150659000,4.6346591796875,1.7917404174804688,16.05859375,0.9437777400016785
1772884595160791000,4.644791015625,1.830066442489624,12.07748031616211,0.5221917629241943
1772884595170923000,4.654923095703125,1.8683924674987793,9.284473419189453,0.25390973687171936
1772884595181054000,4.665053955078125,1.8683924674987793,7.143008232116699,0.1772577464580536
1772884595191186000,4.67518603515625,2.5965864658355713,5.609968185424805,-0.9341962337493896
1772884595201318000,4.68531787109375,3.9379963874816895,5.456664085388184,-1.585738182067871
1772884595211450000,4.6954501953125,4.282930374145508,3.6553421020507812,-1.1641522645950317
1772884595221582000,4.70558203125,3.2481284141540527,2.9702649116516113,-0.6275882124900818
1772884595231714000,4.715714111328125,2.0216963291168213,2.9702649116516113,-0.20600225031375885
1772884595241845000,4.725844970703125,1.523458480834961,3.770320177078247,-0.12935024499893188
1772884595251977000,4.73597705078125,1.2982932329177856,4.460187911987305,-0.24432824552059174
1772884595262109000,4.74610888671875,1.221641182899475,4.805121898651123,-0.47428423166275024
1772884595272241000,4.756240966796875,1.2599672079086304,5.226707935333252,-0.7425662279129028
1772884595282373000,4.766373046875,1.221641182899475,5.226707935333252,-0.47428423166275024
1772884595292505000,4.776505126953125,1.3701545000076294,4.805121898651123,-0.16767624020576477
1772884595302636000,4.786635986328125,1.7917404174804688,4.153580188751221,0.10060574859380722
1772884595312768000,4.79676806640625,2.0216963291168213,3.5403642654418945,0.1772577464580536
1772884595322900000,4.80689990234375,2.251652479171753,3.4253861904144287,0.33056172728538513
1772884595333032000,4.817031982421875,2.5965864658355713,2.8552868366241455,0.4072137475013733
1772884595343164000,4.827163818359375,3.286454439163208,2.8552868366241455,0.6754957437515259
1772884595353296000,4.8372958984375,3.6313884258270264,2.8552868366241455,1.1354076862335205
1772884595363427000,4.847427001953125,3.7846922874450684,2.893612861633301,1.4755510091781616
1772884595373559000,4.85755908203125,3.9379963874816895,3.0085909366607666,1.9737889766693115
1772884595383691000,4.86769091796875,4.551212310791016,3.731994152069092,1.9737889766693115
1772884595393823000,4.877822998046875,5.317732334136963,5.916575908660889,1.897136926651001
1772884595403955000,4.887954833984375,5.734527587890625,8.63293170928955,1.82048499584198
1772884595414087000,4.8980869140625,5.542897701263428,11.847524642944336,1.5138769149780273
1772884595424218000,4.908218017578125,5.279406547546387,14.415366172790527,0.5988437533378601
1772884595434350000,4.91835009765625,5.317732334136963,14.606996536254883,-0.43595823645591736
1772884595444482000,4.92848193359375,5.241080284118652,14.606996536254883,-0.9341962337493896
1772884595454614000,4.938614013671875,5.6578755378723145,13.112282752990723,-1.049174189567566
1772884595464746000,4.94874609375,6.960959434509277,12.154132843017578,-1.5474121570587158
1772884595474878000,4.9588779296875,8.953911781311035,9.821037292480469,-1.8923461437225342
1772884595485009000,4.9690087890625,9.830618858337402,7.90473747253418,-1.8923461437225342
1772884595495141000,4.97914111328125,10.44383430480957,7.028029918670654,-2.3522582054138184
1772884595505273000,4.989273193359375,10.022248268127441,7.028029918670654,-2.1989541053771973
1772884595515405000,4.999405029296875,8.877259254455566,8.901213645935059,-0.6659142374992371
1772884595525537000,5.009537109375,6.999285697937012,11.277424812316895,1.2839210033416748
1772884595535669000,5.0196689453125,5.011124134063721,14.568670272827148,3.200220823287964
1772884595545800000,5.029800048828125,3.401432514190674,18.166522979736328,4.273348808288574
1772884595555932000,5.039931884765625,2.289978504180908,19.809751510620117,4.503304958343506
1772884595566064000,5.050064208984375,2.098348379135132,19.809751510620117,3.966740846633911
1772884595576196000,5.060196044921875,2.1750004291534424,18.818065643310547,3.353524923324585
1772884595586328000,5.070328125,1.830066442489624,16.55683135986328,2.778635025024414
1772884595596460000,5.0804599609375,1.6384364366531372,13.418889999389648,2.510352849960327
1772884595606591000,5.090591064453125,1.5617845058441162,10.664209365844727,2.2420709133148193
1772884595616723000,5.100722900390625,1.9450443983078003,8.63293170928955,1.8588109016418457
1772884595626855000,5.11085498046875,2.864868402481079,6.64477014541626,0.6754957437515259
1772884595636987000,5.12098681640625,4.0146484375,5.724946022033691,-0.24432824552059174
1772884595647119000,5.131119140625,4.321256160736084,4.345210075378418,-0.20600225031375885
1772884595657251000,5.1412509765625,3.593062400817871,2.5870048999786377,0.21558374166488647
1772884595667383000,5.151383056640625,2.9415204524993896,2.5870048999786377,-0.052698247134685516
1772884595677514000,5.161513916015625,2.558260440826416,2.6636569499969482,-0.24432824552059174
1772884595687646000,5.17164599609375,2.251652479171753,3.617016077041626,-0.5126102566719055
1772884595697778000,5.18177783203125,1.830066442489624,3.770320177078247,-0.7425662279129028
1772884595707910000,5.191909912109375,1.5617845058441162,5.188382148742676,-0.8575442433357239
1772884595718042000,5.2020419921875,1.5617845058441162,6.491466045379639,-0.9725221991539001
1772884595728174000,5.212174072265625,1.4468064308166504,6.491466045379639,-1.0875002145767212
1772884595738305000,5.222304931640625,1.3701545000076294,6.376488208770752,-0.8958702087402344
1772884595748437000,5.23243701171875,1.6767624616622925,5.533316135406494,-0.8958702087402344
1772884595758569000,5.24256884765625,1.523458480834961,4.57516622543335,-0.8192182183265686
1772884595768701000,5.252700927734375,1.4084804058074951,2.9702649116516113,-0.5892622470855713
1772884595778833000,5.2628330078125,1.5617845058441162,2.9702649116516113,-0.3209802508354187
1772884595788965000,5.272965087890625,1.8683924674987793,3.046916961669922,-0.16767624020576477
1772884595799096000,5.283095947265625,2.558260440826416,3.046916961669922,-0.014372250065207481
1772884595809228000,5.29322802734375,3.0564985275268555,3.046916961669922,0.29223573207855225
1772884595819360000,5.303360107421875,3.133150339126587,3.085242986679077,0.9054517149925232
1772884595829492000,5.313491943359375,3.43975830078125,3.617016077041626,1.0970816612243652
1772884595839624000,5.3236240234375,4.666190147399902,5.188382148742676,0.9437777400016785
1772884595849756000,5.333755859375,5.466245651245117,7.90473747253418,0.9054517149925232
1772884595859887000,5.34388720703125,5.466245651245117,10.817513465881348,0.7521477341651917
1772884595870019000,5.35401904296875,5.241080284118652,13.188934326171875,0.1389317512512207
1772884595880151000,5.364151123046875,5.011124134063721,14.645322799682617,-1.049174189567566
1772884595890283000,5.374282958984375,4.3979082107543945,14.645322799682617,-1.9689981937408447
1772884595900415000,5.3844150390625,4.129626274108887,12.767348289489746,-2.275606155395508
1772884595910547000,5.394546875,4.5128865242004395,11.047469139099121,-2.6971921920776367
1772884595920678000,5.404677978515625,7.037611484527588,9.39945125579834,-4.033811569213867
1772884595930810000,5.41481005859375,9.33717155456543,8.364648818969727,-3.7655293941497803
1772884595940942000,5.424942138671875,10.903746604919434,6.031554222106934,-3.9571592807769775
1772884595951074000,5.435073974609375,11.708592414855957,6.031554222106934,-4.455397605895996
1772884595961206000,5.4452060546875,10.252204895019531,7.181334018707275,-3.113987445831299
1772884595971338000,5.455337890625,6.884307384490967,10.012667655944824,-0.24432824552059174
1772884595981469000,5.465468994140625,3.171476364135742,14.913604736328125,3.3918509483337402
1772884595991601000,5.475600830078125,0.37846922874450684,20.078033447265625,5.269824981689453
1772884596001733000,5.485733154296875,0.30181723833084106,23.067461013793945,5.0398688316345215
1772884596011865000,5.495864990234375,1.4468064308166504,25.36223030090332,4.311675071716309
1772884596021997000,5.5059970703125,1.6767624616622925,25.36223030090332,3.966740846633911
1772884596032129000,5.51612890625,1.221641182899475,20.88287925720215,3.8517630100250244
1772884596042260000,5.526260009765625,1.2982932329177856,15.488493919372559,3.660132884979248
1772884596052392000,5.536391845703125,1.9067184925079346,11.50259017944336,3.5451548099517822
1772884596062524000,5.54652392578125,2.5965864658355713,8.671257019042969,2.8169608116149902
1772884596072656000,5.55665576171875,3.9763224124908447,6.299836158752441,0.9437777400016785
1772884596082788000,5.5667880859375,5.394384384155273,5.265034198760986,0.33056172728538513
1772884596092920000,5.576920166015625,5.734527587890625,0.17246699333190918,0.48386573791503906
1772884596103051000,5.587051025390625,4.934472560882568,0.17246699333190918,0.1772577464580536
1772884596113183000,5.597182861328125,3.6697144508361816,2.625330924987793,0.10060574859380722
1772884596123315000,5.60731494140625,2.558260440826416,4.460187911987305,0.10060574859380722
1772884596133447000,5.617447021484375,2.0600223541259766,5.916575908660889,-0.091024249792099
1772884596143579000,5.627578857421875,1.6767624616622925,6.606443881988525,-0.47428423166275024
1772884596153711000,5.637711181640625,1.4468064308166504,8.441301345825195,-0.8958702087402344
1772884596163842000,5.647842041015625,1.0300111770629883,8.441301345825195,-1.3557822704315186
1772884596173974000,5.65797412109375,1.1066632270812988,8.019715309143066,-1.279130220413208
1772884596184106000,5.66810595703125,1.4084804058074951,7.40649938583374,-1.3174562454223633
1772884596194238000,5.678238037109375,1.2982932329177856,5.993227958679199,-1.2024781703948975
1772884596204370000,5.688369873046875,1.1066632270812988,4.9967522621154785,-0.9725221991539001
1772884596214502000,5.698501953125,1.0683372020721436,3.463712215423584,-0.8192182183265686
1772884596224633000,5.708633056640625,1.144989252090454,2.4337010383605957,-0.7042402029037476
1772884596234765000,5.71876513671875,1.3701545000076294,2.2420709133148193,-0.6275882124900818
1772884596244897000,5.72889697265625,1.6767624616622925,2.2420709133148193,-0.3209802508354187
1772884596255029000,5.739029052734375,2.3283045291900635,2.625330924987793,-0.014372250065207481
1772884596265161000,5.749160888671875,2.5199344158172607,2.625330924987793,0.1772577464580536
1772884596275293000,5.75929296875,2.251652479171753,2.357048988342285,0.48386573791503906
1772884596285425000,5.7694248046875,2.5965864658355713,2.357048988342285,0.7138217091560364
1772884596295556000,5.77955615234375,3.5164103507995605,4.9967522621154785,0.9054517149925232
1772884596305688000,5.78968798828125,4.052974224090576,8.0580415725708,1.7821589708328247
1772884596315820000,5.799820068359375,3.861344337463379,10.625883102416992,2.203744888305664
1772884596325952000,5.809951904296875,3.861344337463379,13.188934326171875,1.5522029399871826
1772884596336084000,5.820083984375,4.282930374145508,14.415366172790527,-0.3976322412490845
1772884596346216000,5.8302158203125,4.321256160736084,14.415366172790527,-2.428910255432129
1772884596356347000,5.840346923828125,4.359582424163818,13.035630226135254,-3.6505513191223145
1772884596366479000,5.85047900390625,4.704516410827637,10.625883102416992,-3.727203369140625
1772884596376611000,5.860611083984375,7.689153671264648,9.897688865661621,-4.18711519241333
1772884596386743000,5.870742919921875,10.980399131774902,8.82456111907959,-3.113987445831299
1772884596396875000,5.880875,13.394936561584473,7.143008232116699,-2.0839762687683105
1772884596407007000,5.891007080078125,12.896698951721191,7.143008232116699,-0.7425662279129028
1772884596417138000,5.901137939453125,10.712116241455078,8.134693145751953,-0.3209802508354187
1772884596427270000,5.911269775390625,8.18739128112793,10.587556838989258,0.21558374166488647
1772884596437402000,5.921402099609375,5.581223487854004,13.265586853027344,0.982103705406189
1772884596447534000,5.9315341796875,2.979846477508545,17.093395233154297,1.5522029399871826
1772884596457666000,5.941666015625,1.4468064308166504,19.469608306884766,1.897136926651001
1772884596467798000,5.951798095703125,0.7234032154083252,19.963054656982422,2.0887670516967773
1772884596477929000,5.961928955078125,0.7234032154083252,19.963054656982422,1.897136926651001
1772884596488061000,5.97206103515625,1.221641182899475,17.89824104309082,1.7438329458236694
1772884596498193000,5.98219287109375,1.523458480834961,15.751985549926758,1.5522029399871826
1772884596508325000,5.9923251953125,2.251652479171753,12.729022026062012,1.212059736251831
1772884596518457000,6.00245703125,2.979846477508545,9.821037292480469,0.8287997245788574
1772884596528589000,6.012589111328125,3.3247804641723633,7.296311855316162,0.5221917629241943
1772884596538720000,6.022719970703125,3.6313884258270264,5.993227958679199,0.4455397427082062
1772884596548852000,6.03285205078125,3.5164103507995605,5.993227958679199,0.8671257495880127
1772884596558984000,6.04298388671875,3.0948243141174316,6.14653205871582,1.0970816612243652
1772884596569116000,6.053115966796875,2.6349124908447266,6.261509895324707,1.1737337112426758
1772884596579248000,6.063248046875,2.1750004291534424,6.261509895324707,0.9437777400016785
1772884596589380000,6.073380126953125,2.098348379135132,5.648293972015381,0.5988437533378601
1772884596599511000,6.083510986328125,2.2133264541625977,5.609968185424805,0.33056172728538513
1772884596609643000,6.09364306640625,2.44328236579895,5.57164192199707,0.10060574859380722
1772884596619775000,6.10377490234375,2.44328236579895,5.188382148742676,-0.091024249792099
1772884596629907000,6.113906982421875,2.44328236579895,4.881773948669434,-0.3976322412490845
1772884596640039000,6.124038818359375,2.673238515853882,4.038602352142334,-0.3976322412490845
1772884596650171000,6.1341708984375,2.558260440826416,3.463712215423584,-0.5892622470855713
1772884596660302000,6.144302001953125,2.5965864658355713,2.6636569499969482,-0.6659142374992371
1772884596670434000,6.15443408203125,2.5965864658355713,2.357048988342285,-0.5892622470855713
1772884596680566000,6.16456591796875,2.5965864658355713,2.357048988342285,-0.3976322412490845
1772884596690698000,6.174697998046875,2.673238515853882,3.348734140396118,-0.20600225031375885
1772884596700830000,6.184829833984375,2.711564540863037,5.245871067047119,0.10060574859380722
1772884596710962000,6.1949619140625,2.558260440826416,6.525001525878906,0.1389317512512207
1772884596721093000,6.205093017578125,2.44328236579895,7.0903096199035645,0.4072137475013733
1772884596731225000,6.21522509765625,2.3283045291900635,6.798074245452881,0.9054517149925232
1772884596741357000,6.225357177734375,2.4816083908081055,6.419604778289795,0.9054517149925232
1772884596751489000,6.235489013671875,2.9415204524993896,6.06988000869751,1.1737337112426758
1772884596761621000,6.24562109375,3.43975830078125,6.577699661254883,1.3222469091415405
1772884596771753000,6.2557529296875,3.9379963874816895,7.291521072387695,1.4755510091781616
1772884596781884000,6.2658837890625,4.321256160736084,8.872468948364258,0.982103705406189
1772884596792016000,6.276015869140625,4.58953857421875,10.980399131774902,0.3688877522945404
1772884596802148000,6.286148193359375,4.282930374145508,13.121864318847656,-0.3209802508354187
1772884596812280000,6.296280029296875,3.554736375808716,13.897965431213379,-0.7808922529220581
1772884596822412000,6.306412109375,3.2098023891448975,13.993780136108398,-0.9341962337493896
1772884596832544000,6.3165439453125,4.321256160736084,12.65237045288086,-0.8192182183265686
1772884596842675000,6.326675048828125,6.76932954788208,11.65589427947998,-0.5126102566719055
1772884596852807000,6.336806884765625,8.838933944702148,10.089319229125977,0.023953748866915703
1772884596862939000,6.34693896484375,9.792292594909668,9.131169319152832,0.33056172728538513
1772884596873071000,6.357071044921875,9.868945121765137,9.131169319152832,0.1772577464580536
1772884596883203000,6.367203125,9.452149391174316,10.702535629272461,0.48386573791503906
1772884596893335000,6.3773349609375,7.497523307800293,13.72549819946289,1.82048499584198
1772884596903466000,6.387466064453125,4.704516410827637,17.32335090637207,3.238546848297119
1772884596913598000,6.397597900390625,2.0216963291168213,22.415918350219727,3.353524923324585
1772884596923730000,6.40772998046875,0.9916852116584778,25.47720718383789,2.510352849960327
1772884596933862000,6.41786181640625,0.8767071962356567,25.47720718383789,1.5138769149780273
1772884596943994000,6.427994140625,0.800055205821991,25.208925247192383,1.1737337112426758
1772884596954126000,6.4381259765625,1.1066632270812988,21.802701950073242,1.4755510091781616
1772884596964258000,6.448258056640625,1.600110411643982,18.319828033447266,2.165418863296509
1772884596974389000,6.458388916015625,2.289978504180908,14.645322799682617,2.8552868366241455
1772884596984521000,6.46852099609375,3.43975830078125,11.46905517578125,2.5486788749694824
1772884596994653000,6.47865283203125,4.551212310791016,9.476102828979492,2.165418863296509
1772884597004785000,6.488784912109375,4.58953857421875,6.1848578453063965,2.31872296333313
1772884597014917000,6.498917236328125,3.9763224124908447,4.383536338806152,2.012115001678467
1772884597025049000,6.509049072265625,3.554736375808716,3.6936681270599365,1.0970816612243652
1772884597035180000,6.519179931640625,3.43975830078125,3.6936681270599365,0.25390973687171936
1772884597045312000,6.52931201171875,3.0181725025177,4.191905975341797,-0.20600225031375885
1772884597055444000,6.53944384765625,2.558260440826416,4.345210075378418,-0.6659142374992371
1772884597065576000,6.549575927734375,2.1750004291534424,5.456664085388184,-0.9725221991539001
1772884597075708000,6.5597080078125,2.0600223541259766,5.456664085388184,-1.1641522645950317
1772884597085840000,6.56983984375,2.098348379135132,5.265034198760986,-1.3941081762313843
1772884597095971000,6.57997119140625,2.0216963291168213,4.9967522621154785,-1.777368187904358
1772884597106103000,6.59010302734375,1.9833704233169556,4.843448162078857,-1.9689981937408447
1772884597116235000,6.600235107421875,1.9450443983078003,4.230232238769531,-1.8923461437225342
1772884597126367000,6.610366943359375,2.136674404144287,3.200220823287964,-1.6240642070770264
1772884597136499000,6.6204990234375,2.289978504180908,3.046916961669922,-1.50908625125885
1772884597146631000,6.630630859375,2.404956340789795,2.357048988342285,-1.279130220413208
1772884597156762000,6.64076220703125,2.404956340789795,1.7821589708328247,-1.049174189567566
1772884597166894000,6.65089404296875,2.3666303157806396,1.4755510091781616,-0.7808922529220581
1772884597177026000,6.661026123046875,2.289978504180908,1.2072689533233643,-0.550936222076416
1772884597187158000,6.671157958984375,2.3666303157806396,1.2072689533233643,-0.16767624020576477
1772884597197290000,6.6812900390625,2.826542377471924,1.6671808958053589,0.10060574859380722
1772884597207422000,6.691421875,3.899670362472534,1.9737889766693115,0.48386573791503906
1772884597217553000,6.701552978515625,4.551212310791016,3.885298252105713,0.982103705406189
1772884597227685000,6.71168505859375,3.746366500854492,6.683095932006836,1.7438329458236694
1772884597237817000,6.721817138671875,3.5164103507995605,11.540916442871094,1.590528964996338
1772884597247949000,6.731948974609375,3.0948243141174316,12.767348289489746,0.9437777400016785
1772884597258081000,6.7420810546875,3.554736375808716,13.495542526245117,-0.5126102566719055
1772884597268213000,6.752212890625,4.666190147399902,13.533868789672852,-1.4707602262496948
1772884597278344000,6.762343994140625,5.427919387817383,14.14708423614502,-1.5474121570587158
1772884597288476000,6.772475830078125,5.696201801300049,14.14708423614502,-1.4324342012405396
1772884597298608000,6.782608154296875,6.156113624572754,13.57219409942627,-2.0839762687683105
1772884597308740000,6.792739990234375,7.459197521209717,11.924176216125488,-3.8038554191589355
1772884597318872000,6.8028720703125,8.41734790802002,9.936015129089355,-4.455397605895996
1772884597329004000,6.813004150390625,9.260519027709961,8.939538955688477,-5.605177402496338
1772884597339135000,6.823135009765625,9.49047565460205,8.709583282470703,-6.333371162414551
1772884597349267000,6.833266845703125,8.647303581237793,8.709583282470703,-5.8351335525512695
1772884597359399000,6.84339892578125,7.190915584564209,10.242623329162598,-3.5355734825134277
1772884597369531000,6.85353076171875,5.466245651245117,13.533868789672852,-1.2024781703948975
1772884597379663000,6.8636630859375,3.43975830078125,17.246700286865234,0.8287997245788574
1772884597389795000,6.873795166015625,1.9450443983078003,18.66476058959961,1.897136926651001
1772884597399926000,6.883926025390625,0.8767071962356567,18.66476058959961,2.0887670516967773
1772884597410058000,6.89405810546875,0.9533592462539673,18.47313117980957,1.82048499584198
1772884597420190000,6.90418994140625,1.1066632270812988,15.45016860961914,1.5522029399871826
1772884597430322000,6.914322021484375,1.0683372020721436,13.265586853027344,1.6288549900054932
1772884597440454000,6.924453857421875,1.0300111770629883,9.131169319152832,1.7438329458236694
1772884597450586000,6.934586181640625,1.9450443983078003,7.028029918670654,1.1737337112426758
1772884597460717000,6.944717041015625,3.2481284141540527,6.223184108734131,0.7138217091560364
1772884597470849000,6.95484912109375,3.554736375808716,4.230232238769531,0.982103705406189
1772884597480981000,6.96498095703125,3.3247804641723633,3.200220823287964,0.7521477341651917
1772884597491113000,6.975113037109375,2.979846477508545,3.200220823287964,0.4455397427082062
1772884597501245000,6.985244873046875,2.44328236579895,4.306884288787842,0.25390973687171936
1772884597511377000,6.995376953125,1.9450443983078003,5.150055885314941,0.1772577464580536
1772884597521508000,7.005508056640625,1.6384364366531372,5.763272285461426,-0.091024249792099
1772884597531640000,7.01564013671875,1.7150884866714478,6.72142219543457,-0.014372250065207481
1772884597541772000,7.02577197265625,1.7534143924713135,6.72142219543457,-0.12935024499893188
1772884597551904000,7.035904052734375,1.7917404174804688,6.529791831970215,-0.24432824552059174
1772884597562036000,7.046035888671875,1.7534143924713135,5.8782501220703125,-0.3593062460422516
1772884597572168000,7.05616796875,1.8683924674987793,4.805121898651123,-0.5126102566719055
1772884597582300000,7.0662998046875,2.136674404144287,4.153580188751221,-0.3976322412490845
1772884597592431000,7.07643115234375,2.3666303157806396,3.1235690116882324,-0.3976322412490845
1772884597602563000,7.08656298828125,2.673238515853882,2.8552868366241455,-0.091024249792099
1772884597612695000,7.096695068359375,2.7498903274536133,2.778635025024414,0.21558374166488647
1772884597622827000,7.106826904296875,2.864868402481079,2.601377248764038,0.6371697187423706
1772884597632959000,7.116958984375,2.979846477508545,3.8757166862487793,1.0970816612243652
1772884597643091000,7.127091064453125,2.9031944274902344,5.873459339141846,1.3222469091415405
1772884597653222000,7.137221923828125,2.979846477508545,6.199230194091797,1.4372249841690063
1772884597663354000,7.14735400390625,3.171476364135742,5.887831687927246,1.3605729341506958
1772884597673486000,7.157486083984375,3.8230183124542236,6.223184108734131,1.0970816612243652
1772884597683618000,7.1676181640625,4.5128865242004395,5.226707935333252,0.8287997245788574
1772884597693750000,7.17775,4.896146297454834,6.683095932006836,0.8287997245788574
1772884597703882000,7.187882080078125,5.317732334136963,9.207820892333984,0.7521477341651917
1772884597714013000,7.198012939453125,5.011124134063721,12.039154052734375,0.7138217091560364
1772884597724145000,7.208144775390625,4.704516410827637,12.039154052734375,0.21558374166488647
1772884597734277000,7.218277099609375,5.164428234100342,11.085795402526855,-0.8192182183265686
1772884597744409000,7.2284091796875,6.577699661254883,10.31927490234375,-1.777368187904358
1772884597754541000,7.238541015625,8.034087181091309,9.131169319152832,-2.428910255432129
1772884597764673000,7.248673095703125,9.145541191101074,8.709583282470703,-2.9223573207855225
1772884597774804000,7.258803955078125,9.600663185119629,8.709583282470703,-3.7655293941497803
1772884597784936000,7.26893603515625,9.183867454528809,9.821037292480469,-4.6853532791137695
1772884597795068000,7.27906787109375,8.532325744628906,11.162446975708008,-5.33689546585083
1772884597805200000,7.289199951171875,7.727479457855225,12.460740089416504,-5.068613529205322
1772884597815332000,7.29933203125,7.727479457855225,13.112282752990723,-3.8038554191589355
1772884597825464000,7.309464111328125,7.689153671264648,14.185410499572754,-1.6623902320861816
1772884597835595000,7.319594970703125,6.654351711273193,14.645322799682617,0.8287997245788574
1772884597845727000,7.32972705078125,5.164428234100342,15.675333976745605,2.740309000015259
1772884597855859000,7.33985888671875,3.861344337463379,15.675333976745605,3.660132884979248
1772884597865991000,7.349990966796875,2.864868402481079,15.565146446228027,3.6984589099884033
1772884597876123000,7.360122802734375,2.136674404144287,14.683648109436035,3.506828784942627
1772884597886255000,7.370255126953125,1.9833704233169556,12.614044189453125,2.7019829750061035
1772884597896386000,7.380385986328125,2.3283045291900635,11.009142875671387,1.7438329458236694
1772884597906518000,7.39051806640625,2.5965864658355713,8.939538955688477,1.212059736251831
1772884597916650000,7.40064990234375,2.864868402481079,7.828085422515869,0.8671257495880127
1772884597926782000,7.410781982421875,3.171476364135742,6.7597479820251465,0.7521477341651917
1772884597936914000,7.420913818359375,3.133150339126587,5.418338298797607,0.7521477341651917
1772884597947046000,7.4310458984375,3.0564985275268555,5.3033599853515625,0.7521477341651917
1772884597957177000,7.441177001953125,2.9415204524993896,4.920100212097168,0.5988437533378601
1772884597967309000,7.45130908203125,2.7882163524627686,4.920100212097168,0.5988437533378601
1772884597977441000,7.46144091796875,2.5965864658355713,5.341686248779297,0.3688877522945404
1772884597987573000,7.471572998046875,2.404956340789795,5.49498987197876,0.10060574859380722
1772884597997705000,7.481705078125,2.098348379135132,6.108206272125244,-0.3209802508354187
1772884598007837000,7.4918369140625,2.136674404144287,6.108206272125244,-0.47428423166275024
1772884598017968000,7.501968017578125,2.098348379135132,6.06988000869751,-0.7042402029037476
1772884598028100000,7.51210009765625,2.2133264541625977,5.49498987197876,-0.5126102566719055
1772884598038232000,7.522232177734375,2.2133264541625977,4.9967522621154785,-0.3593062460422516
1772884598048364000,7.532364013671875,2.136674404144287,4.881773948669434,-0.16767624020576477
1772884598058496000,7.54249609375,2.0216963291168213,4.268558025360107,0.1772577464580536
1772884598068628000,7.5526279296875,2.098348379135132,4.230232238769531,0.25390973687171936
1772884598078759000,7.562759033203125,2.098348379135132,3.9619500637054443,0.3688877522945404
1772884598088891000,7.572890869140625,2.0600223541259766,6.266300678253174,0.5988437533378601
1772884598099023000,7.583023193359375,2.1750004291534424,8.211345672607422,0.6371697187423706
1772884598109155000,7.593155029296875,2.44328236579895,8.963493347167969,0.7138217091560364
1772884598119287000,7.603287109375,2.826542377471924,9.193449020385742,0.5988437533378601
1772884598129419000,7.6134189453125,3.401432514190674,9.394660949707031,0.4072137475013733
1772884598139550000,7.623550048828125,4.0146484375,8.460464477539062,0.33056172728538513
1772884598149682000,7.633681884765625,4.704516410827637,6.491466045379639,0.6754957437515259
1772884598159814000,7.64381396484375,5.241080284118652,7.674781322479248,1.1737337112426758
1772884598169946000,7.653946044921875,5.011124134063721,9.936015129089355,1.2455949783325195
1772884598180078000,7.664078125,4.666190147399902,11.770872116088867,0.9054517149925232
1772884598190210000,7.6742099609375,4.5128865242004395,11.885849952697754,-0.052698247134685516
1772884598200341000,7.684341064453125,4.742842197418213,11.885849952697754,-1.2408041954040527
1772884598210473000,7.694472900390625,5.696201801300049,11.047469139099121,-1.777368187904358
1772884598220605000,7.70460498046875,7.420871734619141,10.395927429199219,-2.6971921920776367
1772884598230737000,7.71473681640625,8.608977317810059,9.821037292480469,-3.5355734825134277
1772884598240869000,7.724869140625,8.76228141784668,9.821037292480469,-4.493723392486572
1772884598251001000,7.7350009765625,8.379021644592285,10.012667655944824,-5.221917152404785
1772884598261133000,7.745133056640625,7.420871734619141,11.239099502563477,-5.183591365814209
1772884598271264000,7.755263916015625,6.845981597900391,12.614044189453125,-4.532049179077148
1772884598281396000,7.76539599609375,6.731003761291504,14.645322799682617,-2.735518217086792
1772884598291528000,7.77552783203125,6.079461574554443,16.940092086791992,-0.8192182183265686
1772884598301660000,7.785659912109375,4.896146297454834,18.97136878967285,0.8671257495880127
1772884598311792000,7.795792236328125,3.899670362472534,20.346315383911133,1.82048499584198
1772884598321924000,7.805924072265625,3.133150339126587,20.346315383911133,1.9354629516601562
1772884598332055000,7.816054931640625,3.0948243141174316,18.703086853027344,1.7821589708328247
1772884598342187000,7.82618701171875,3.171476364135742,16.518505096435547,1.7438329458236694
1772884598352319000,7.836319091796875,3.0564985275268555,13.38056468963623,1.7438329458236694
1772884598362451000,7.846450927734375,2.864868402481079,11.047469139099121,1.7821589708328247
1772884598372583000,7.8565830078125,3.171476364135742,8.786234855651855,1.3605729341506958
1772884598382715000,7.86671484375,4.129626274108887,6.836400032043457,0.6371697187423706
1772884598392846000,7.87684619140625,4.321256160736084,5.226707935333252,0.8671257495880127
1772884598402978000,7.88697802734375,3.401432514190674,3.085242986679077,1.0587557554244995
1772884598413110000,7.897110107421875,2.826542377471924,2.5870048999786377,0.7521477341651917
1772884598423242000,7.907241943359375,2.673238515853882,2.5870048999786377,0.10060574859380722
1772884598433374000,7.9173740234375,2.289978504180908,3.5020382404327393,-0.47428423166275024
1772884598443506000,7.927505859375,1.9067184925079346,4.4218621253967285,-0.8575442433357239
1772884598453637000,7.93763720703125,1.7150884866714478,5.111730098724365,-1.1641522645950317
1772884598463769000,7.94776904296875,1.523458480834961,5.993227958679199,-1.6623902320861816
1772884598473901000,7.957901123046875,1.0683372020721436,5.993227958679199,-1.8540202379226685
1772884598484033000,7.968032958984375,0.800055205821991,5.801598072052002,-2.1989541053771973
1772884598494165000,7.9781650390625,0.9916852116584778,4.843448162078857,-2.3522582054138184
1772884598504297000,7.988296875,1.2599672079086304,3.9619500637054443,-2.2372801303863525
1772884598514428000,7.998427978515625,1.4468064308166504,3.3870601654052734,-1.9306721687316895
1772884598524560000,8.008559814453125,1.7917404174804688,3.3870601654052734,-1.6240642070770264
1772884598534692000,8.018692138671875,1.9450443983078003,4.881773948669434,-1.2408041954040527
1772884598544824000,8.028823974609375,2.5199344158172607,4.881773948669434,-1.049174189567566
1772884598554956000,8.0389560546875,3.0564985275268555,4.536839962005615,-0.5126102566719055
1772884598565088000,8.049087890625,2.979846477508545,3.046916961669922,0.21558374166488647
1772884598575219000,8.059218994140625,2.864868402481079,2.357048988342285,0.6754957437515259
1772884598585351000,8.069350830078125,3.133150339126587,2.357048988342285,0.8287997245788574
1772884598595483000,8.07948291015625,3.593062400817871,2.357048988342285,0.982103705406189
1772884598605615000,8.089614990234375,4.0913004875183105,4.038602352142334,0.6754957437515259
1772884598615747000,8.0997470703125,4.282930374145508,5.49498987197876,0.1772577464580536
1772884598625879000,8.109879150390626,4.321256160736084,10.050992965698242,-0.2826542556285858
1772884598636010000,8.120010009765625,4.206278324127197,13.57219409942627,-0.8958702087402344
1772884598646142000,8.130141845703125,4.129626274108887,15.181886672973633,-1.3557822704315186
1772884598656274000,8.14027392578125,4.129626274108887,15.181886672973633,-1.6623902320861816
1772884598666406000,8.150406005859375,4.206278324127197,14.951930046081543,-1.8156942129135132
1772884598676538000,8.1605380859375,4.58953857421875,13.917128562927246,-2.275606155395508
1772884598686670000,8.170670166015626,7.535849571228027,13.38056468963623,-3.9571592807769775
1772884598696801000,8.180801025390625,7.919109344482422,9.169495582580566,-4.6853532791137695
1772884598706933000,8.19093310546875,8.877259254455566,8.287997245788574,-5.681829452514648
1772884598717065000,8.20106494140625,8.225717544555664,8.287997245788574,-5.106939315795898
1772884598727197000,8.211197021484375,6.807655334472656,10.395927429199219,-2.9223573207855225
1772884598737329000,8.221328857421875,5.164428234100342,12.65237045288086,-0.47428423166275024
1772884598747461000,8.231461181640626,3.133150339126587,15.22021198272705,1.9737889766693115
1772884598757583000,8.2415830078125,1.2982932329177856,18.933042526245117,3.775110960006714
1772884598767715000,8.251715087890625,0.07186124473810196,20.42296600341797,4.618282794952393
1772884598777847000,8.261846923828125,0.14851324260234833,20.42296600341797,4.120044708251953
1772884598787979000,8.27197900390625,0.5700992345809937,18.741413116455078,3.6218068599700928
1772884598798111000,8.282111083984375,0.4167952239513397,15.905289649963379,2.7019829750061035
1772884598808243000,8.292242919921875,0.4934472441673279,12.958978652954102,1.5138769149780273
1772884598818374000,8.302373779296875,0.7234032154083252,10.050992965698242,0.48386573791503906
1772884598828506000,8.312506103515625,0.8383812308311462,8.556279182434082,-0.091024249792099
1772884598838638000,8.32263818359375,1.2599672079086304,6.491466045379639,-0.7808922529220581
1772884598848770000,8.33277001953125,1.8683924674987793,5.763272285461426,-1.7390421628952026
1772884598858902000,8.342902099609375,3.0948243141174316,5.418338298797607,-2.122302293777466
1772884598869034000,8.353033935546875,3.2481284141540527,3.5020382404327393,-1.3557822704315186
1772884598879165000,8.3631650390625,2.673238515853882,2.9702649116516113,-0.550936222076416
1772884598889297000,8.373296875,2.3666303157806396,2.9702649116516113,-0.16767624020576477
1772884598899429000,8.38342919921875,2.251652479171753,3.8469722270965576,0.21558374166488647
1772884598909561000,8.39356103515625,1.9450443983078003,4.881773948669434,0.21558374166488647
1772884598919693000,8.403693115234375,1.8683924674987793,4.920100212097168,0.1772577464580536
1772884598929825000,8.413824951171875,1.9833704233169556,4.920100212097168,-0.091024249792099
1772884598939956000,8.4239560546875,2.136674404144287,4.881773948669434,-0.2826542556285858
1772884598950088000,8.434087890625,2.0600223541259766,4.613492012023926,-0.47428423166275024
1772884598960220000,8.444219970703125,1.8683924674987793,3.8086462020874023,-0.5126102566719055
1772884598970352000,8.45435205078125,1.9450443983078003,2.472026824951172,-0.3976322412490845
1772884598980484000,8.464484130859375,2.0600223541259766,2.4337010383605957,-0.43595823645591736
1772884598990616000,8.474615966796875,1.9450443983078003,1.7438329458236694,-0.7808922529220581
1772884599000747000,8.4847470703125,2.098348379135132,1.7438329458236694,-0.7425662279129028
1772884599010879000,8.49487890625,2.3666303157806396,4.666190147399902,-0.7425662279129028
1772884599021011000,8.505010986328125,2.9415204524993896,6.08425235748291,-0.47428423166275024
1772884599031143000,8.515142822265625,4.0146484375,4.0913004875183105,0.9054517149925232
1772884599041275000,8.52527490234375,5.011124134063721,3.046916961669922,2.5486788749694824
1772884599051407000,8.535406982421875,4.244604587554932,4.0002760887146,3.3918509483337402
1772884599061538000,8.5455380859375,3.708040475845337,6.1848578453063965,3.353524923324585
1772884599071670000,8.555669921875,4.244604587554932,9.361124992370605,2.9702649116516113
1772884599081802000,8.565802001953125,4.0146484375,12.958978652954102,2.012115001678467
1772884599091934000,8.575933837890625,3.3247804641723633,14.683648109436035,0.48386573791503906
1772884599102066000,8.58606591796875,3.401432514190674,14.683648109436035,-1.2024781703948975
1772884599112198000,8.596197998046875,3.6313884258270264,14.262062072753906,-2.9606833457946777
1772884599122329000,8.6063291015625,4.857820510864258,13.22726058959961,-4.18711519241333
1772884599132461000,8.6164609375,6.577699661254883,12.499066352844238,-4.76200532913208
1772884599142593000,8.626593017578125,7.765805721282959,11.085795402526855,-4.723679542541504
1772884599152725000,8.63672509765625,8.41734790802002,11.085795402526855,-4.3787455558776855
1772884599162857000,8.64685693359375,8.302369117736816,11.579242706298828,-3.6505513191223145
1772884599172989000,8.656989013671875,6.807655334472656,11.962502479553223,-1.049174189567566
1772884599183120000,8.667119873046875,6.462721347808838,14.185410499572754,0.3688877522945404
1772884599193252000,8.677252197265625,5.542897701263428,15.526820182800293,2.203744888305664
1772884599203384000,8.687384033203125,3.9379963874816895,16.25022315979004,3.6218068599700928
1772884599213516000,8.69751611328125,2.2133264541625977,16.44185447692871,3.928414821624756
1772884599223648000,8.70764794921875,1.1066632270812988,16.44185447692871,3.5834808349609375
1772884599233780000,8.717780029296875,0.9533592462539673,14.606996536254883,2.5486788749694824
1772884599243911000,8.727910888671875,1.1066632270812988,13.763824462890625,1.398898959159851
1772884599254043000,8.73804296875,1.0300111770629883,12.345762252807617,0.48386573791503906
1772884599264175000,8.748175048828125,1.144989252090454,11.50259017944336,-0.47428423166275024
1772884599274307000,8.75830712890625,1.1833151578903198,11.46905517578125,-1.049174189567566
1772884599284439000,8.76843896484375,1.1066632270812988,10.817513465881348,-1.0875002145767212
1772884599294571000,8.778571044921875,1.1066632270812988,10.165970802307129,-0.5892622470855713
1772884599304702000,8.788701904296875,1.2599672079086304,9.361124992370605,-0.014372250065207481
1772884599314834000,8.798833984375,1.4468064308166504,7.866411209106445,0.3688877522945404
1772884599324966000,8.8089658203125,1.8683924674987793,6.836400032043457,0.8287997245788574
1772884599335098000,8.81909814453125,2.098348379135132,5.724946022033691,1.0970816612243652
1772884599345230000,8.82922998046875,2.404956340789795,5.456664085388184,1.0970816612243652
1772884599355362000,8.839362060546875,2.44328236579895,4.958425998687744,0.9054517149925232
1772884599365493000,8.849492919921875,2.404956340789795,4.881773948669434,0.7521477341651917
1772884599375625000,8.859625,2.2133264541625977,4.65181827545166,0.4455397427082062
1772884599385757000,8.8697568359375,2.0600223541259766,3.9619500637054443,0.21558374166488647
1772884599395889000,8.879888916015625,2.136674404144287,3.310408115386963,-0.16767624020576477
1772884599406021000,8.890021240234375,2.098348379135132,2.8552868366241455,-0.43595823645591736
1772884599416153000,8.900153076171875,2.0600223541259766,2.8552868366241455,-0.6275882124900818
1772884599426285000,8.91028515625,2.098348379135132,2.9702649116516113,-0.5126102566719055
1772884599436416000,8.920416015625,1.9833704233169556,3.0085909366607666,-0.43595823645591736
1772884599446548000,8.9305478515625,1.9450443983078003,4.71409797668457,-0.24432824552059174
1772884599456680000,8.940679931640625,1.830066442489624,4.987170696258545,-0.091024249792099
1772884599466812000,8.95081201171875,1.7150884866714478,5.145265579223633,0.21558374166488647
1772884599476944000,8.96094384765625,1.8683924674987793,6.247138023376465,0.5221917629241943
1772884599487076000,8.971076171875,2.136674404144287,7.248404502868652,0.9437777400016785
1772884599497207000,8.98120703125,2.558260440826416,6.731003761291504,1.5138769149780273
1772884599507339000,8.991339111328125,3.0948243141174316,4.910518646240234,2.050441026687622
1772884599517471000,9.001470947265625,3.593062400817871,6.223184108734131,2.2803969383239746
1772884599527603000,9.01160302734375,3.8230183124542236,8.0580415725708,1.9737889766693115
1772884599537735000,9.02173486328125,3.708040475845337,9.246147155761719,0.9054517149925232
1772884599547867000,9.031866943359375,3.554736375808716,10.779187202453613,-0.6275882124900818
1772884599557998000,9.041998046875,3.286454439163208,11.962502479553223,-1.8923461437225342
1772884599568130000,9.052130126953125,3.171476364135742,12.614044189453125,-2.8504960536956787
1772884599578262000,9.062261962890625,3.43975830078125,12.614044189453125,-3.2289655208587646
1772884599588394000,9.07239404296875,3.9763224124908447,12.384088516235352,-2.8121702671051025
1772884599598526000,9.08252587890625,4.627864360809326,12.345762252807617,-2.0839762687683105
1772884599608658000,9.092657958984375,5.964483737945557,12.269110679626465,-2.0456502437591553
1772884599618789000,9.1027890625,7.382545471191406,12.269110679626465,-2.122302293777466
1772884599628921000,9.112921142578125,7.420871734619141,11.162446975708008,-1.9689981937408447
1772884599639053000,9.123052978515625,7.305893421173096,11.162446975708008,-2.735518217086792
1772884599649185000,9.13318505859375,7.190915584564209,11.540916442871094,-3.573899507522583
1772884599659317000,9.14331689453125,6.079461574554443,12.460740089416504,-3.420595407485962
1772884599669449000,9.153448974609375,6.002809524536133,15.06690788269043,-2.6971921920776367
1772884599679580000,9.163579833984375,6.156113624572754,15.675333976745605,-1.6623902320861816
1772884599689712000,9.173712158203125,5.772853374481201,16.05859375,-0.8958702087402344
1772884599699844000,9.183843994140625,4.896146297454834,16.288549423217773,-0.2826542556285858
1772884599709976000,9.19397607421875,4.129626274108887,16.288549423217773,-0.2826542556285858
1772884599720108000,9.20410791015625,3.554736375808716,16.05859375,-0.47428423166275024
1772884599730240000,9.214239990234375,3.0181725025177,15.45016860961914,-0.47428423166275024
1772884599740371000,9.224370849609375,2.979846477508545,14.108757972717285,-0.5126102566719055
1772884599750503000,9.2345029296875,2.7882163524627686,12.307435989379883,-0.47428423166275024
1772884599760635000,9.244634765625,2.9031944274902344,11.50259017944336,-0.47428423166275024
1772884599770767000,9.25476708984375,2.864868402481079,10.54923152923584,-0.5892622470855713
1772884599780899000,9.264899169921875,2.5199344158172607,10.280949592590332,-0.550936222076416
1772884599791031000,9.275031005859375,2.098348379135132,9.361124992370605,-0.43595823645591736
1772884599801162000,9.285161865234375,1.9450443983078003,8.134693145751953,-0.12935024499893188
1772884599811294000,9.2952939453125,2.098348379135132,7.104681968688965,0.10060574859380722
1772884599821426000,9.305426025390625,2.136674404144287,5.648293972015381,-0.014372250065207481
1772884599831558000,9.315557861328125,2.251652479171753,4.843448162078857,-0.052698247134685516
1772884599841690000,9.325690185546875,2.251652479171753,4.4218621253967285,-0.16767624020576477
1772884599851822000,9.335822021484375,2.251652479171753,3.9619500637054443,-0.5126102566719055
1772884599861953000,9.345953125,2.098348379135132,3.923624038696289,-0.6659142374992371
1772884599872085000,9.3560849609375,1.8683924674987793,3.9619500637054443,-0.7042402029037476
1772884599882217000,9.366217041015625,1.6767624616622925,4.306884288787842,-0.5892622470855713
1772884599892349000,9.376348876953125,1.4851324558258057,4.498514175415039,-0.7425662279129028
1772884599902481000,9.38648095703125,1.4084804058074951,5.586014270782471,-0.5126102566719055
1772884599912613000,9.396613037109375,1.221641182899475,7.138217449188232,-0.3209802508354187
1772884599922744000,9.406744140625,0.7617292404174805,6.4291863441467285,-0.24432824552059174
1772884599932876000,9.4168759765625,1.7150884866714478,7.186124801635742,-0.47428423166275024
1772884599943008000,9.427008056640625,2.7498903274536133,7.789759159088135,-0.9725221991539001
1772884599953140000,9.437139892578125,3.0181725025177,7.420871734619141,-0.8192182183265686
1772884599963272000,9.44727197265625,2.44328236579895,7.919109344482422,-0.3209802508354187
1772884599973404000,9.45740380859375,1.9450443983078003,8.513162612915039,-0.052698247134685516
1772884599983535000,9.46753515625,2.2133264541625977,8.757491111755371,-0.16767624020576477
