time,seconds_elapsed,z,y,x
1772884859892001800,0.154001708984375,-0.020922135561704636,-0.15271630883216858,-0.05207626149058342
1772884859908619300,0.170619384765625,-0.03833179548382759,-0.16401731967926025,-0.10094548016786575
1772884859925228000,0.18722802734375,-0.03039054572582245,-0.19089539349079132,-0.1359175145626068
1772884859941820400,0.2038203125,0.0025961773935705423,-0.26022860407829285,-0.2142609804868698
1772884859958441700,0.220441650390625,0.059864792972803116,-0.3582724630832672,-0.379652738571167
1772884859975060700,0.237060791015625,0.07910704612731934,-0.27320948243141174,-0.4109596014022827
1772884859991656000,0.253656005859375,-0.0065668015740811825,-0.2444988191127777,-0.29917123913764954
1772884860008290800,0.270290771484375,-0.09254608303308487,-0.15286903083324432,-0.09376781433820724
1772884860024882000,0.2868818359375,-0.11239920556545258,-0.08536841720342636,-0.01114829070866108
1772884860041487400,0.3034873046875,-0.02076941914856434,-0.028557950630784035,-0.06734789162874222
1772884860058118100,0.3201181640625,0.06505715101957321,-0.04245513305068016,-0.1466076523065567
1772884860074701600,0.33670166015625,0.04444044828414917,-0.0025961773935705423,-0.17821992933750153
1772884860091294700,0.353294677734375,-0.02122756652534008,0.10247264802455902,-0.13836097717285156
1772884860107920600,0.369920654296875,-0.05192354694008827,0.10751228034496307,-0.04856378585100174
1772884860124523300,0.386523193359375,-0.04245513305068016,-0.020616702735424042,0.031001411378383636
1772884860141129700,0.403129638671875,-0.018020525574684143,-0.1319468915462494,0.07819075137376785
1772884860157736700,0.41973681640625,0.009010262787342072,-0.1768454909324646,0.09636399149894714
1772884860174346800,0.4363466796875,-0.008704829961061478,-0.1137736514210701,0.11148291081190109
1772884860190961000,0.4529609375,-0.007024950347840786,-0.09407325088977814,0.11178833991289139
1772884860207564300,0.469564208984375,-0.01817324012517929,-0.0887281745672226,0.11453723162412643
1772884860224155600,0.48615576171875,-0.024434609338641167,-0.11224649101495743,0.11194105446338654
1772884860240766200,0.50276611328125,-0.05772676691412926,-0.1333213448524475,0.11209376901388168
1772884860257379600,0.519379638671875,-0.08002334833145142,-0.11468994617462158,0.10186178237199783
1772884860273986000,0.535986083984375,-0.07391469180583954,-0.07483099400997162,0.11957687139511108
1772884860290591700,0.552591796875,-0.04612032696604729,-0.02977968007326126,0.13316862285137177
1772884860307201300,0.569201171875,-0.013286318629980087,-0.05100724846124649,0.10842858254909515
1772884860323814000,0.58581396484375,-0.005192354787141085,-0.15485434234142303,0.07635815441608429
1772884860340410000,0.60241015625,-0.03145955875515938,-0.280539870262146,0.04703662544488907
1772884860357024000,0.61902392578125,-0.03451388701796532,-0.32391130924224854,0.029932396486401558
1772884860373626600,0.635626708984375,0.005955935921519995,-0.3507893681526184,0.015882495790719986
1772884860390219800,0.6522197265625,0.06398813426494598,-0.4082106947898865,0.08994990587234497
1772884860406830300,0.668830322265625,0.11423180252313614,-0.47311514616012573,0.24877487123012543
1772884860423435000,0.68543505859375,0.1992947906255722,-0.5580254197120667,0.38927388191223145
1772884860440043000,0.70204296875,0.28756481409072876,-0.6959282159805298,0.4349360466003418
1772884860456651300,0.7186513671875,0.33429601788520813,-0.8396342992782593,0.3874412775039673
1772884860473261600,0.735261474609375,0.36713001132011414,-0.8597928285598755,0.28649580478668213
1772884860489864200,0.7518642578125,0.3263547718524933,-0.7336491346359253,0.16508632898330688
1772884860506471400,0.768471435546875,0.22479841113090515,-0.5316054821014404,0.04993823543190956
1772884860523093200,0.78509326171875,0.12553280591964722,-0.28206703066825867,-0.08032877743244171
1772884860539695400,0.8016953125,0.06750060617923737,-0.1134682223200798,-0.2018909603357315
1772884860556298500,0.818298583984375,0.052228979766368866,-0.0403171069920063,-0.2909245789051056
1772884860572910000,0.83491015625,0.05772676691412926,0.002138028386980295,-0.3309362530708313
1772884860589516000,0.85151611328125,0.037110064178705215,0.030695978552103043,-0.36010506749153137
1772884860606131000,0.868130859375,-0.025961773470044136,0.0734565481543541,-0.3830125033855438
1772884860622729000,0.88472900390625,-0.10567969083786011,0.14416420459747314,-0.3793473243713379
1772884860639337500,0.90133740234375,-0.2021963894367218,0.13927727937698364,-0.34086281061172485
1772884860655946800,0.91794677734375,-0.3058907687664032,0.0734565481543541,-0.3214678466320038
1772884860672551700,0.9345517578125,-0.3724750876426697,0.07910704612731934,-0.46379944682121277
1772884860689157600,0.95115771484375,-0.4853324294090271,0.1889100819826126,-0.5236642360687256
1772884860714055000,0.976054931640625,-0.9271407127380371,0.764345109462738,0.2970332205295563
1772884860730661000,0.9926611328125,-1.0538952350616455,1.400255799293518,1.0102183818817139
1772884860747282200,1.0092822265625,-0.8384125232696533,1.8823812007904053,0.9010262489318848
1772884860763871700,1.025871826171875,-0.6053674817085266,2.342515468597412,0.2932153046131134
1772884860780497200,1.0424970703125,-0.5731443166732788,2.2350032329559326,-0.49754974246025085
1772884860797105400,1.05910546875,-0.7188356518745422,1.6687310934066772,-1.0355693101882935
1772884860813711000,1.075711181640625,-0.8819366693496704,0.983951210975647,-1.2919800281524658
1772884860830324500,1.092324462890625,-0.8426886200904846,0.15515977144241333,-1.5609134435653687
1772884860846925800,1.10892578125,-0.6968445181846619,-0.5920811295509338,-1.6662876605987549
1772884860863524400,1.1255244140625,-0.4599815309047699,-1.4228578805923462,-1.7510452270507812
1772884860880124000,1.1421240234375,-0.1033889427781105,-2.143678903579712,-1.8443548679351807
1772884860896736000,1.158736083984375,0.12797626852989197,-2.5920538902282715,-2.0775527954101562
1772884860913336800,1.1753369140625,0.09987647086381912,-2.356718063354492,-2.4446825981140137
1772884860929956000,1.1919560546875,0.01725694350898266,-1.3240504264831543,-2.7565293312072754
1772884860946556400,1.208556396484375,-0.11804971098899841,-0.4810563921928406,-2.5618162155151367
1772884860963149600,1.225149658203125,-0.26572638750076294,-0.011301007121801376,-2.205681800842285
1772884860979768000,1.24176806640625,-0.11957687139511108,-0.03833179548382759,-2.397951602935791
1772884860996376000,1.2583759765625,-0.04199698567390442,-1.3161091804504395,-3.043483257293701
1772884861012999700,1.274999755859375,-0.19425514340400696,-3.3982434272766113,-2.783560276031494
1772884861029580500,1.29158056640625,-0.6099489331245422,-3.8124098777770996,-0.9854783415794373
1772884861046215400,1.30821533203125,-1.084285855293274,-3.1415271759033203,0.6116288304328918
1772884861062807600,1.3248076171875,-1.3527610301971436,-2.376113176345825,0.8888089060783386
1772884861079423500,1.341423583984375,-1.3214542865753174,-1.2701416015625,0.036193765699863434
1772884861096031500,1.358031494140625,-1.2438743114471436,-0.1362229436635971,-1.2060006856918335
1772884861112635400,1.374635498046875,-1.3031282424926758,0.08964447677135468,-1.6739234924316406
1772884861129228800,1.391228759765625,-1.1288789510726929,-0.28435778617858887,-0.8142833709716797
1772884861145836500,1.40783642578125,-0.7709119319915771,-0.9535606503486633,0.8339837789535522
1772884861162425900,1.42442578125,-0.6397286057472229,-1.6383405923843384,1.9492709636688232
1772884861179065900,1.44106591796875,-0.7391469478607178,-1.275639295578003,1.8819230794906616
1772884861195671300,1.45767138671875,-0.8938485980033875,0.1463022232055664,0.8854491710662842
1772884861212280300,1.4742802734375,-0.8608618378639221,1.4298827648162842,-0.11194105446338654
1772884861228882200,1.490882080078125,-0.5732970237731934,1.8942930698394775,-0.43478333950042725
1772884861245492000,1.507491943359375,-0.10430523753166199,1.4862351417541504,-0.15256360173225403
1772884861262119700,1.52411962890625,0.25763240456581116,0.789237916469574,0.417679101228714
1772884861278707200,1.540707275390625,0.3842342495918274,0.38576140999794006,0.8387179970741272
1772884861295288300,1.557288330078125,0.34987306594848633,0.40164390206336975,0.9147707223892212
1772884861311921200,1.573921142578125,0.25641068816185,0.7420485615730286,0.761443555355072
1772884861328502800,1.590502685546875,0.23151792585849762,1.2777774333953857,0.593913733959198
1772884861345123800,1.607123779296875,0.3543018400669098,1.7402023077011108,0.5526803135871887
1772884861361710300,1.62371044921875,0.5916230082511902,1.7927367687225342,0.7409795522689819
1772884861378335000,1.6403349609375,0.8373435139656067,1.6740761995315552,0.9731083512306213
1772884861394943000,1.65694287109375,1.035722017288208,1.5682437419891357,1.1171197891235352
1772884861411550200,1.67355029296875,1.2454015016555786,1.5693128108978271,1.2264647483825684
1772884861428156000,1.690156005859375,1.5761851072311401,1.356731653213501,1.2599095106124878
1772884861444761900,1.706761962890625,1.8825340270996094,0.8668177723884583,1.205847978591919
1772884861461365000,1.723364990234375,1.8535178899765015,0.2096794992685318,1.0377073287963867
1772884861477977900,1.739977783203125,1.4054481983184814,-0.5737552046775818,0.7144069075584412
1772884861494582800,1.756582763671875,0.9106473922729492,-1.0563386678695679,0.22388210892677307
1772884861511207200,1.773207275390625,0.48517972230911255,-1.0204503536224365,-0.3023782968521118
1772884861527774000,1.78977392578125,0.03741549700498581,-0.37079519033432007,-0.42241331934928894
1772884861544420600,1.806420654296875,-0.3627012372016907,1.2528846263885498,0.6023131608963013
1772884861561014800,1.823014892578125,-0.18677204847335815,2.696206569671631,2.068847894668579
1772884861577630700,1.839630615234375,0.5273294448852539,3.112358331680298,2.7905850410461426
1772884861594237400,1.856237548828125,0.9639453291893005,1.9017761945724487,1.758681058883667
1772884861610846700,1.8728466796875,0.770606517791748,-1.6896532773971558,-0.4132503271102905
1772884861627448600,1.889448486328125,-0.18585574626922607,-5.762444496154785,-2.2287418842315674
1772884861644057900,1.906057861328125,-1.1044443845748901,-5.3348388671875,-2.1784982681274414
1772884861660635600,1.9226357421875,-1.7189748287200928,-0.1647808998823166,-0.7800748944282532
1772884861677265200,1.93926513671875,-1.561829686164856,3.824474573135376,-0.7525860071182251
1772884861693869000,1.955869140625,-1.2596040964126587,4.2366557121276855,-2.3634376525878906
1772884861710473500,1.972473388671875,-1.200502872467041,1.3086260557174683,-3.9996402263641357
1772884861727081200,1.989081298828125,-0.5810855627059937,-2.761569023132324,-3.9596285820007324
1772884861743682800,2.005682861328125,0.5632177591323853,-5.165323734283447,-2.6537513732910156
1772884861760288000,2.0222880859375,1.4593570232391357,-5.030628204345703,-1.430799126625061
1772884861776914400,2.03891455078125,1.3498594760894775,-3.3092098236083984,-0.684474527835846
1772884861793519900,2.055519775390625,0.8607091307640076,-1.2296717166900635,-0.08231408894062042
1772884861810131200,2.072131103515625,0.499382346868515,0.2321287989616394,0.164170041680336
1772884861826730000,2.08872998046875,0.4836525619029999,1.0015136003494263,0.3637702465057373
1772884861843340300,2.10534033203125,0.6293439269065857,0.3904955983161926,0.5668829679489136
1772884861859929000,2.12192919921875,0.699288010597229,-0.7203628420829773,0.9563095569610596
1772884861876541400,2.13854150390625,0.7449501752853394,-1.16293466091156,1.1705704927444458
1772884861893150500,2.155150390625,0.5227479338645935,-0.6288857460021973,0.9532552361488342
1772884861909755600,2.171755615234375,-0.05604688450694084,0.5213735103607178,0.49205195903778076
1772884861926364400,2.188364501953125,-0.5600107312202454,1.6840027570724487,0.05650503560900688
1772884861942970600,2.204970703125,-0.8057312369346619,2.4222333431243896,-0.08109235763549805
1772884861959557000,2.22155712890625,-0.8414669036865234,2.446057081222534,0.156686931848526
1772884861976185300,2.238185302734375,-0.7683157324790955,2.2536346912384033,0.6310238242149353
1772884861992791300,2.254791259765625,-0.6444628238677979,2.0749564170837402,1.095739483833313
1772884862009415700,2.271415771484375,-0.5396994352340698,1.8635971546173096,1.5430456399917603
1772884862026004500,2.28800439453125,-0.361174076795578,1.6899586915969849,1.7330247163772583
1772884862042623700,2.304623779296875,-0.06918048858642578,1.676366925239563,1.6140587329864502
1772884862059219000,2.321218994140625,0.09712757170200348,1.6213890314102173,1.500590443611145
1772884862075839200,2.337839111328125,0.14324790239334106,1.448819637298584,1.6439911127090454
1772884862092456000,2.3544560546875,0.21853704750537872,1.3923145532608032,1.9616410732269287
1772884862109055000,2.371054931640625,0.26710084080696106,1.306793451309204,2.2130119800567627
1772884862125670400,2.38767041015625,0.2483167201280594,1.1252137422561646,2.2742512226104736
1772884862142298600,2.404298583984375,0.1267545372247696,0.8973610401153564,2.2227859497070312
1772884862158875000,2.420875,-0.14538592100143433,0.9802860021591187,1.923156499862671
1772884862175480000,2.43747998046875,-0.44944411516189575,1.3281737565994263,1.3025174140930176
1772884862192071700,2.45407177734375,-0.5607742667198181,1.679115891456604,0.5833762884140015
1772884862208696600,2.470696533203125,-0.45433104038238525,1.5138767957687378,-0.049785517156124115
1772884862225307000,2.487306884765625,-0.18768835067749023,0.7255551815032959,-0.30375275015830994
1772884862241908700,2.50390869140625,0.16600263118743896,-0.16569720208644867,-0.13377949595451355
1772884862258501600,2.520501708984375,0.670577347278595,-0.12461651116609573,0.38728857040405273
1772884862275112400,2.537112548828125,1.1339186429977417,0.917672336101532,1.087492823600769
1772884862291715000,2.553715087890625,1.2710578441619873,1.9839376211166382,1.2383766174316406
1772884862308320300,2.5703203125,1.0551170110702515,1.4764612913131714,-0.08979719132184982
1772884862324932900,2.586932861328125,0.3943135142326355,-1.4782938957214355,-3.104111671447754
1772884862341542100,2.603542236328125,0.17776179313659668,-5.864917278289795,-5.387831687927246
1772884862358129200,2.620129150390625,1.2072224617004395,-6.942789077758789,-4.126700401306152
1772884862374748000,2.636747802734375,2.3542747497558594,-4.245819091796875,-0.28619036078453064
1772884862391358000,2.65335791015625,2.492482900619507,-1.8535178899765015,1.3422236442565918
1772884862407953000,2.669952880859375,2.3078489303588867,-0.3715587854385376,-0.20326541364192963
1772884862424571000,2.68657080078125,2.059837579727173,-0.7591527700424194,-2.925128221511841
1772884862441179000,2.703178955078125,1.4911220073699951,-2.280970811843872,-4.525900363922119
1772884862457776600,2.719776611328125,0.7929030656814575,-2.8634307384490967,-3.9379427433013916
1772884862474392000,2.73639208984375,0.30863967537879944,-2.182774305343628,-2.492788314819336
1772884862491001300,2.75300146484375,0.21807889640331268,-0.5893322229385376,-1.1943942308425903
1772884862507609900,2.76960986328125,0.30054569244384766,0.5514585971832275,-0.37048977613449097
1772884862524213800,2.7862138671875,0.28099802136421204,0.9825767278671265,0.11560624837875366
1772884862540832000,2.80283203125,0.03940080851316452,0.9815077185630798,0.15103642642498016
1772884862557442000,2.819442138671875,-0.23319780826568604,0.9724974632263184,-0.16798794269561768
1772884862574060500,2.836060546875,-0.3985895812511444,1.4482088088989258,-0.4512766897678375
1772884862590668500,2.85266845703125,-0.4349360466003418,2.2211060523986816,-0.5108360648155212
1772884862607264300,2.86926416015625,-0.3332269787788391,2.660928964614868,-0.2295326143503189
1772884862623845400,2.885845458984375,-0.08552113175392151,2.526386022567749,0.31780263781547546
1772884862640470500,2.902470458984375,0.30772337317466736,1.924683690071106,0.8481863737106323
1772884862657085000,2.9190849609375,0.7872526049613953,1.0045678615570068,1.3964380025863647
1772884862673688000,2.93568798828125,1.1951578855514526,0.17180584371089935,1.951256275177002
1772884862690285600,2.95228564453125,1.400255799293518,-0.19837848842144012,2.3457224369049072
1772884862706902000,2.968902099609375,1.3539828062057495,0.02871066704392433,2.433839797973633
1772884862723532000,2.985531982421875,1.0994046926498413,0.4473060667514801,2.311361312866211
1772884862740119000,3.002119140625,0.6667594313621521,0.6684392690658569,2.1123719215393066
1772884862756707000,3.01870703125,0.24602597951889038,0.7930558323860168,1.8141170740127563
1772884862773337600,3.035337646484375,-0.08307767659425735,0.9537133574485779,1.4795156717300415
1772884862789953000,3.051953125,-0.26053401827812195,1.2293663024902344,1.1662944555282593
1772884862806541000,3.068541015625,-0.3663664162158966,1.5066990852355957,1.0595457553863525
1772884862818983400,3.0809833984375,-0.48197266459465027,1.6378824710845947,1.1027644872665405
1772884862835608000,3.097608154296875,-0.5232060551643372,1.609477162361145,1.034194827079773
1772884862852203300,3.114203369140625,-0.616973876953125,1.4474451541900635,0.5870414972305298
1772884862868811000,3.13081103515625,-0.8057312369346619,1.0493137836456299,-0.09972374886274338
1772884862885399600,3.147399658203125,-0.997848391532898,0.7163922190666199,-0.47571131587028503
1772884862902021400,3.164021484375,-0.9873109459877014,0.912327229976654,-0.010537425056099892
1772884862918627000,3.180626953125,-0.6113234162330627,1.309084177017212,1.0908526182174683
1772884862935234300,3.197234375,-0.098502017557621,1.3487904071807861,1.7434093952178955
1772884862951838000,3.213837890625,-0.008704829961061478,0.33735033869743347,1.4028520584106445
1772884862968450800,3.230450927734375,-0.42180246114730835,-2.1595613956451416,0.3484986126422882
1772884862985051000,3.24705078125,-0.8904888033866882,-3.4408512115478516,-0.31291571259498596
1772884863001680400,3.263680419921875,-1.101084589958191,-2.1792616844177246,0.0936150997877121
1772884863018282000,3.280281982421875,-0.9854783415794373,-0.22220222651958466,0.5571091175079346
1772884863034872300,3.296872314453125,-0.8620835542678833,0.7373143434524536,0.25595253705978394
1772884863051492400,3.313492431640625,-0.9091202020645142,0.5590944290161133,-0.517250120639801
1772884863068107300,3.330107177734375,-1.0201449394226074,-0.31780263781547546,-1.1925616264343262
1772884863084699600,3.34669970703125,-0.5346598029136658,-1.403004765510559,-1.3802499771118164
1772884863101317000,3.363317138671875,0.38240164518356323,-2.1507039070129395,-1.2496775388717651
1772884863117924000,3.379924072265625,0.8103127479553223,-1.815796971321106,-1.1679743528366089
1772884863134544600,3.396544677734375,0.5258022546768188,-0.9436340928077698,-0.956156849861145
1772884863151134500,3.413134521484375,-0.11774427443742752,-0.1267545372247696,-0.6017022728919983
1772884863167747800,3.429747802734375,-0.3445279896259308,0.3874412775039673,-0.3045163154602051
1772884863184351200,3.446351318359375,-0.07391469180583954,0.27320948243141174,0.04092797264456749
1772884863200959200,3.462959228515625,0.29306259751319885,-0.5477933883666992,0.5575672388076782
1772884863217565400,3.4795654296875,0.6081163287162781,-1.2808316946029663,1.0951286554336548
1772884863234172200,3.496172119140625,0.7024950385093689,-1.3339769840240479,1.260367751121521
1772884863250775600,3.512775634765625,0.513737678527832,-0.9387471675872803,1.1435397863388062
1772884863267390200,3.52939013671875,0.20983220636844635,-0.5001459121704102,0.8145887851715088
1772884863283992800,3.545992919921875,-0.050243668258190155,-0.2295326143503189,0.422871470451355
1772884863300600300,3.562600341796875,-0.26374107599258423,0.006261368747800589,0.08399397134780884
1772884863317203200,3.579203125,-0.4265366494655609,0.07788532227277756,-0.18035796284675598
1772884863333818000,3.595818115234375,-0.6467535495758057,0.04230241850018501,-0.028099801391363144
1772884863350403800,3.61240380859375,-0.7553348541259766,0.14324790239334106,0.4631885588169098
1772884863367012400,3.629012451171875,-0.6459900140762329,0.28680121898651123,0.7446447610855103
1772884863383619000,3.645619140625,-0.4847215712070465,0.5044219493865967,0.7583891749382019
1772884863400228000,3.66222802734375,-0.2967278063297272,0.8342891931533813,0.6137668490409851
1772884863416834600,3.67883447265625,-0.12293662875890732,1.0529789924621582,0.37598755955696106
1772884863433441800,3.69544189453125,-0.07513642311096191,0.8197811841964722,0.2713768780231476
1772884863450051000,3.712051025390625,-0.14935655891895294,0.36560285091400146,0.6856962442398071
1772884863466653400,3.7286533203125,-0.18325957655906677,-0.304210901260376,0.9495900273323059
1772884863483253000,3.7452529296875,-0.20128010213375092,-0.8730791807174683,1.214552879333496
1772884863499883500,3.761883544921875,-0.019547687843441963,-0.7922922372817993,1.874592661857605
1772884863516490000,3.778489990234375,0.017562376335263252,-0.16264286637306213,2.743701219558716
1772884863533097700,3.79509765625,-0.3959933817386627,0.841619610786438,3.006678819656372
1772884863549684700,3.811684814453125,-0.7396050691604614,1.818698525428772,2.230879783630371
1772884863566314800,3.828314697265625,-0.6385068893432617,1.9491182565689087,0.8778133392333984
1772884863582913500,3.84491357421875,-0.25824329257011414,1.0509936809539795,-0.42989641427993774
1772884863599524900,3.86152490234375,0.15974126756191254,-0.7846564054489136,-1.9361374378204346
1772884863616129300,3.87812939453125,0.5693264007568359,-1.9624046087265015,-2.59403920173645
1772884863632740600,3.89474072265625,0.7951938509941101,-1.3807082176208496,-2.658179998397827
1772884863649336000,3.911336181640625,0.5619960427284241,-0.2893974184989929,-2.8510608673095703
1772884863665956600,3.92795654296875,0.025045474991202354,0.47968193888664246,-2.721557378768921
1772884863682551800,3.9445517578125,-0.2955060601234436,0.49693888425827026,-2.2012529373168945
1772884863699166200,3.961166259765625,-0.34345898032188416,-0.07788532227277756,-1.4091134071350098
1772884863715771100,3.977771240234375,-0.1866193264722824,-0.8655960559844971,-0.7374670505523682
1772884863732383000,3.994383056640625,0.057879481464624405,-1.1762210130691528,-0.43768495321273804
1772884863748982800,4.010982666015625,0.19868391752243042,-0.8952230215072632,-0.5313000679016113
1772884863765598000,4.027597900390625,0.16065755486488342,-0.17150041460990906,-0.7348709106445312
1772884863782186200,4.044186279296875,0.04001167416572571,0.35414913296699524,-0.7719809412956238
1772884863798807800,4.060807861328125,0.006108652334660292,0.3523165285587311,-0.437226802110672
1772884863815415000,4.0774150390625,0.13744467496871948,0.08781187981367111,0.1264491081237793
1772884863832021500,4.094021484375,0.3136793076992035,-0.14737124741077423,0.48838675022125244
1772884863848608300,4.110608154296875,0.4108068645000458,-0.2102903574705124,0.5090034604072571
1772884863865225200,4.12722509765625,0.3315471112728119,-0.07773260027170181,0.5761986374855042
1772884863881828600,4.14382861328125,0.19914206862449646,0.09025534242391586,0.9335548281669617
1772884863898422800,4.1604228515625,0.17379115521907806,0.10399980843067169,1.3495540618896484
1772884863915042800,4.177042724609375,0.28038713335990906,-0.2145664244890213,1.5354098081588745
1772884863931650000,4.193650146484375,0.3446807265281677,-0.4938845634460449,1.2176071405410767
1772884863948257500,4.210257568359375,0.14095716178417206,-0.6812674403190613,0.6786713004112244
1772884863964878800,4.22687890625,-0.5076290369033813,-0.1742493063211441,0.8301658630371094
1772884863981472800,4.24347265625,-0.8390234112739563,0.827111542224884,1.9636263847351074
1772884863998091300,4.26009130859375,-0.3562871515750885,1.606881022453308,3.173750400543213
1772884864014705000,4.276704833984375,0.14233160018920898,1.4280502796173096,3.3521230220794678
1772884864031305000,4.293304931640625,0.24190263450145721,0.6478226184844971,2.154674530029297
1772884864047912200,4.309912109375,-0.009621127508580685,0.16814066469669342,0.0981965884566307
1772884864064518100,4.32651806640625,-0.32299500703811646,-0.003817907767370343,-1.857793927192688
1772884864081123800,4.343123779296875,-0.23640485107898712,-0.11362093687057495,-3.3324227333068848
1772884864097733600,4.359733642578125,0.07895433157682419,-0.44577890634536743,-4.162893772125244
1772884864114335700,4.376335693359375,0.46593746542930603,-0.6438519954681396,-3.74109148979187
1772884864130951000,4.392950927734375,0.28496864438056946,-0.4251621961593628,-2.392911911010742
1772884864147547000,4.409546875,-0.3260493278503418,-0.07009678333997726,-0.9408851861953735
1772884864164168200,4.426168212890625,-0.6436992287635803,0.39217549562454224,0.06322455406188965
1772884864180753400,4.44275341796875,-0.44257187843322754,0.806647539138794,0.6325509548187256
1772884864197357800,4.45935791015625,-0.05971207842230797,0.9699012637138367,1.0639744997024536
1772884864213976600,4.4759765625,0.18020524084568024,0.640644907951355,1.4515684843063354
1772884864230592300,4.49259228515625,0.1569923609495163,0.10583240538835526,1.6898059844970703
1772884864247188700,4.509188720703125,0.002138028386980295,-0.32330042123794556,1.7182111740112305
1772884864263806700,4.525806640625,-0.17027868330478668,-0.3266601860523224,1.8058704137802124
1772884864280393000,4.54239306640625,-0.28848111629486084,-0.20295998454093933,2.007455825805664
1772884864297015300,4.559015380859375,-0.3075706362724304,-0.09544769674539566,2.233476161956787
1772884864313620200,4.5756201171875,-0.2535090744495392,-0.030237829312682152,2.27211332321167
1772884864330232000,4.592232177734375,-0.19394971430301666,-0.24159720540046692,2.0897700786590576
1772884864346816800,4.608816650390625,-0.18066339194774628,-0.8086328506469727,1.8811595439910889
1772884864363431700,4.625431640625,-0.25335636734962463,-1.203251838684082,1.9307923316955566
1772884864380023600,4.6420234375,-0.33735033869743347,-1.277471899986267,1.987755537033081
1772884864396643800,4.658643798828125,-0.44577890634536743,-1.0684033632278442,1.9255999326705933
1772884864413250000,4.67525,-0.4375322461128235,-0.7878634333610535,1.728137731552124
1772884864429857300,4.691857177734375,-0.24113905429840088,-0.6123924255371094,1.5360206365585327
1772884864446464300,4.70846435546875,-0.33460143208503723,-0.40714168548583984,1.2087496519088745
1772884864463088400,4.72508837890625,-0.5279402732849121,0.16951510310173035,0.3165809214115143
1772884864479681500,4.741681640625,-0.5196936130523682,0.8579602241516113,-0.37171149253845215
1772884864496299000,4.758299072265625,-0.27458393573760986,1.1114692687988281,-0.6855435371398926
1772884864512904700,4.77490478515625,0.04001167416572571,0.7580837607383728,-1.1293370723724365
1772884864529514000,4.791513916015625,0.20662516355514526,0.09437867999076843,-1.7692184448242188
1772884864546118700,4.80811865234375,0.3222314119338989,-0.43050727248191833,-2.3512203693389893
1772884864562727200,4.82472705078125,0.26282477378845215,-0.2583959996700287,-2.552042245864868
1772884864579321900,4.84132177734375,0.11499538272619247,0.25045475363731384,-2.615114212036133
1772884864595940400,4.8579404296875,0.034666601568460464,0.4665483236312866,-2.4086415767669678
1772884864612547000,4.874547119140625,0.09193521738052368,0.4291328489780426,-1.5488488674163818
1772884864629154300,4.891154296875,0.14553864300251007,0.08811730891466141,-0.5349652171134949
1772884864645760800,4.9077607421875,0.12690725922584534,-0.24633140861988068,0.10186178237199783
1772884864662367700,4.92436767578125,0.0682641938328743,-0.2402227520942688,0.24846944212913513
1772884864678946800,4.94094677734375,0.01878410577774048,0.029168816283345222,0.05314527451992035
1772884864695581400,4.95758154296875,0.0029016099870204926,0.2785545587539673,-0.1420261710882187
1772884864712186400,4.974186279296875,-0.017867809161543846,0.40026944875717163,-0.05849034711718559
1772884864728798500,4.990798583984375,-0.08704829961061478,0.33078351616859436,0.3856086730957031
1772884864745398000,5.00739794921875,-0.15913039445877075,0.13744467496871948,0.8336783647537231
1772884864762013400,5.024013427734375,-0.20357084274291992,-0.0024434609804302454,1.0740537643432617
1772884864778616600,5.040616455078125,-0.23716843128204346,0.0328340083360672,1.0575604438781738
1772884864795223300,5.057223388671875,-0.26145032048225403,0.1996002197265625,0.925308108329773
1772884864811805700,5.0738056640625,-0.23060162365436554,0.375071257352829,0.8871290683746338
1772884864828434000,5.090433837890625,-0.16920967400074005,0.4488332271575928,0.9686795473098755
1772884864845030400,5.107030517578125,-0.13668109476566315,0.31902438402175903,1.1578950881958008
1772884864861637000,5.12363720703125,-0.14004085958003998,0.07437284290790558,1.4566081762313843
1772884864878240800,5.14024072265625,-0.1411098688840866,-0.21074850857257843,1.7351627349853516
1772884864894854100,5.156854248046875,-0.05146539583802223,-0.6359107494354248,1.4744759798049927
1772884864911457500,5.17345751953125,0.040164388716220856,-0.5765040516853333,0.7539604306221008
1772884864928065000,5.19006494140625,-0.027030786499381065,0.011759156361222267,0.032681290060281754
1772884864944664000,5.2066640625,0.007177666760981083,0.5713117122650146,-0.4622722864151001
1772884864961293300,5.223293212890625,0.23350323736667633,0.5105306506156921,-0.68951416015625
1772884864977873700,5.239873779296875,0.3439171314239502,-0.07192938029766083,-0.7507534027099609
1772884864994509800,5.256509765625,0.2538145184516907,-0.47739118337631226,-0.806647539138794
1772884865011113000,5.273113037109375,0.1264491081237793,-0.5154175758361816,-1.0900890827178955
1772884865027720000,5.289719970703125,0.031154127791523933,-0.19532416760921478,-1.4445436000823975
1772884865044323000,5.306322998046875,-0.01863138936460018,0.09941831976175308,-1.5486961603164673
1772884865060934100,5.32293408203125,-0.06062837690114975,0.030543262138962746,-1.3768903017044067
1772884865077540900,5.339540771484375,-0.11362093687057495,-0.2054034322500229,-1.1099421977996826
1772884865094151700,5.356151611328125,-0.2028072625398636,-0.35811975598335266,-0.8978192210197449
1772884865110759400,5.372759521484375,-0.2788599729537964,-0.2626720666885376,-0.8904888033866882
1772884865127362300,5.3893623046875,-0.25366178154945374,-0.07635815441608429,-0.9662361145019531
1772884865143968300,5.40596826171875,-0.08475755155086517,0.05100724846124649,-0.8881980776786804
1772884865160572200,5.422572265625,0.13209961354732513,0.02825251780450344,-0.6256787180900574
1772884865177182700,5.4391826171875,0.2580905556678772,-0.056810468435287476,-0.3026837408542633
1772884865193793500,5.45579345703125,0.260992169380188,-0.05864306539297104,0.03237585723400116
1772884865210383400,5.47238330078125,0.24724771082401276,-0.04046982154250145,0.33017265796661377
1772884865227003400,5.48900341796875,0.26542094349861145,0.012522737495601177,0.5844452977180481
1772884865243606000,5.50560595703125,0.3023782968521118,0.05497787147760391,0.7819074988365173
1772884865260201000,5.522200927734375,0.34834590554237366,0.12446379661560059,0.9934195876121521
1772884865276824600,5.538824462890625,0.36911532282829285,0.07040221989154816,1.084591269493103
1772884865293433900,5.555433837890625,0.3245221674442291,-0.17073683440685272,1.0235047340393066
1772884865310063600,5.572063720703125,0.30222558975219727,-0.5821545720100403,1.1850786209106445
1772884865326628000,5.588628173828125,0.2961169183254242,-1.059393048286438,1.4098769426345825
1772884865343234800,5.60523486328125,0.244804248213768,-1.2163853645324707,1.0642799139022827
1772884865359834400,5.62183447265625,0.12293662875890732,-0.8333728909492493,-0.0503963828086853
1772884865376449000,5.638448974609375,-0.11988230794668198,-0.15317445993423462,-0.9944885969161987
1772884865393061400,5.655061279296875,-0.18784105777740479,0.3530801236629486,-1.0903944969177246
1772884865409665300,5.671665283203125,0.028099801391363144,0.4784601926803589,-1.060614824295044
1772884865426272300,5.688272216796875,0.3599523603916168,0.44089198112487793,-1.5175420045852661
1772884865442892300,5.704892333984375,0.5364924073219299,0.35659259557724,-1.8738291263580322
1772884865459498500,5.72149853515625,0.3920227587223053,0.02825251780450344,-1.9029979705810547
1772884865476108300,5.7381083984375,0.26053401827812195,-0.07727445662021637,-2.0702223777770996
1772884865492717800,5.7547177734375,0.24068090319633484,0.3637702465057373,-2.576018810272217
1772884865509283000,5.771282958984375,0.3228422701358795,0.8382598161697388,-2.880993127822876
1772884865525927700,5.787927734375,0.3903428912162781,0.9718865752220154,-2.7235426902770996
1772884865542517800,5.804517822265625,0.45433104038238525,0.7330383062362671,-2.300213098526001
1772884865559129300,5.82112939453125,0.5705481171607971,0.3949243724346161,-1.6920967102050781
1772884865575746600,5.83774658203125,0.7849618196487427,0.1212567538022995,-1.1447614431381226
1772884865592355300,5.854355224609375,0.9709703326225281,0.01572977937757969,-0.8000807762145996
1772884865608945700,5.870945556640625,1.003804326057434,0.048258353024721146,-0.6724098920822144
1772884865625569000,5.887569091796875,0.9115636348724365,0.15103642642498016,-0.6290385127067566
1772884865642173200,5.904173095703125,0.8284859657287598,0.22510384023189545,-0.5736024379730225
1772884865658786600,5.92078662109375,0.7154759168624878,0.1748601794242859,-0.4804455041885376
1772884865675367700,5.93736767578125,0.5064072608947754,0.13607023656368256,-0.3202461004257202
1772884865691996700,5.95399658203125,0.22296582162380219,0.14706580340862274,-0.3013092875480652
1772884865708604200,5.970604248046875,-0.03420845419168472,0.23854288458824158,-0.479834645986557
1772884865725210600,5.987210693359375,-0.27840182185173035,0.4437935948371887,-0.6009386777877808
1772884865741816800,6.00381689453125,-0.5345070958137512,0.8620835542678833,-0.38637226819992065
1772884865758424600,6.020424560546875,-0.6039929986000061,1.3686435222625732,0.14569136500358582
1772884865775035600,6.03703564453125,-0.2915354371070862,1.5051720142364502,1.0392345190048218
1772884865791633200,6.053633056640625,0.09773843735456467,1.2142473459243774,2.049300193786621
1772884865808246800,6.070246826171875,0.15913039445877075,0.8100073337554932,2.7093400955200195
1772884865824833800,6.086833740234375,-0.14706580340862274,0.29657506942749023,2.317164659500122
1772884865841453800,6.103453857421875,-0.493731826543808,-0.39614611864089966,1.53525710105896
1772884865858052400,6.12005224609375,-0.5532912015914917,-1.0267117023468018,0.9831876158714294
1772884865874658800,6.136658935546875,-0.3194825351238251,-0.5729916095733643,0.9871582388877869
1772884865891263000,6.153262939453125,0.22021691501140594,-0.14233160018920898,1.0276280641555786
1772884865907873000,6.169873046875,0.8165740966796875,-0.42088615894317627,1.271515965461731
1772884865924500500,6.18650048828125,1.4268285036087036,-1.4773776531219482,1.253190040588379
1772884865941100300,6.203100341796875,2.0624337196350098,-3.48406982421875,0.588874101638794
1772884865957707500,6.21970751953125,2.3460280895233154,-5.544365882873535,-0.38240164518356323
1772884865974314200,6.236314208984375,1.9753854274749756,-6.49441385269165,-1.2741122245788574
1772884865990901000,6.25290087890625,1.3393220901489258,-4.800637245178223,-2.057699680328369
1772884866007528400,6.269528564453125,0.4973970353603363,-0.6655376553535461,-3.028975248336792
1772884866024138800,6.286138671875,-0.8388707041740417,2.1033618450164795,-3.790571451187134
1772884866040742100,6.3027421875,-1.6769778728485107,2.02929425239563,-2.565481424331665
1772884866057347300,6.319347412109375,-1.3249666690826416,0.15271630883216858,0.38026362657546997
1772884866073957600,6.33595751953125,-0.5768095254898071,-1.7939585447311401,2.286163091659546
1772884866090561500,6.3525615234375,-0.20265454053878784,-2.1711678504943848,2.4219279289245605
1772884866107169800,6.369169677734375,-0.4964807331562042,-0.9607383012771606,1.6423112154006958
1772884866123780600,6.385780517578125,-1.0798569917678833,0.7710646390914917,0.4311181604862213
1772884866140384800,6.402384765625,-1.3607022762298584,1.734704613685608,-0.3871358633041382
1772884866156990700,6.41899072265625,-1.204779028892517,1.7290540933609009,-0.6320928335189819
1772884866173597000,6.435596923828125,-0.7770205736160278,0.9610437750816345,-0.41722095012664795
1772884866190189000,6.45218896484375,-0.37110063433647156,-0.1417207419872284,-0.10583240538835526
1772884866206811100,6.46881103515625,-0.3501785099506378,-0.4737260043621063,0.3640756905078888
1772884866223422000,6.485421875,-0.5849034786224365,0.02382374368607998,0.8634580373764038
1772884866240042200,6.502042236328125,-0.7496843934059143,0.9053022861480713,0.9550877809524536
1772884866256632300,6.51863232421875,-0.712574303150177,1.658041000366211,0.6120869517326355
1772884866273229000,6.53522900390625,-0.603076696395874,1.9727892875671387,0.23090706765651703
1772884866289845500,6.551845458984375,-0.45555275678634644,1.7484490871429443,0.02382374368607998
1772884866306451000,6.568450927734375,-0.251676470041275,1.3490959405899048,0.02367102913558483
1772884866323048700,6.585048583984375,-0.09666942805051804,0.9669997096061707,0.07910704612731934
1772884866339646700,6.601646728515625,-0.10506882518529892,0.4787656366825104,0.14049901068210602
1772884866356260400,6.61826025390625,-0.19456058740615845,0.13729196786880493,0.32650747895240784
1772884866372867300,6.634867431640625,-0.22372940182685852,0.3295617997646332,0.5994115471839905
1772884866389474600,6.651474609375,-0.2587014436721802,0.5119050741195679,0.6467535495758057
1772884866406081000,6.6680810546875,-0.12217304855585098,0.7153232097625732,0.5502368807792664
1772884866422688300,6.684688232421875,0.010537425056099892,0.4735732674598694,0.31749722361564636
1772884866439296300,6.701296142578125,0.05207626149058342,-0.18677204847335815,0.05115996301174164
1772884866455916300,6.717916259765625,0.0403171069920063,-0.5858197808265686,0.05665775015950203
1772884866472518100,6.73451806640625,0.010995574295520782,-0.5920811295509338,0.5290092825889587
1772884866489131800,6.7511318359375,0.18768835067749023,-0.4554000496864319,1.6019941568374634
1772884866505737500,6.767737548828125,0.6325509548187256,-1.0658071041107178,2.470644474029541
1772884866522315000,6.78431494140625,0.9711230397224426,-2.1450533866882324,2.590221405029297
1772884866538943200,6.800943115234375,0.5111414790153503,-2.347249746322632,2.261423110961914
1772884866555543600,6.81754345703125,-0.5002986192703247,-1.3403910398483276,0.9818131923675537
1772884866572150300,6.834150390625,-0.926835298538208,0.8520042896270752,-0.720820963382721
1772884866588760600,6.850760498046875,-0.5393940210342407,2.104583501815796,-2.361146926879883
1772884866605364200,6.8673642578125,0.16768251359462738,2.1032090187072754,-3.4049627780914307
1772884866621971500,6.883971435546875,0.8206974864006042,1.6058119535446167,-3.4038939476013184
1772884866638575000,6.9005751953125,1.0261008739471436,0.6484334468841553,-2.3272438049316406
1772884866655199200,6.91719921875,0.6155994534492493,-0.38896843791007996,-1.2661709785461426
1772884866671805000,6.933804931640625,0.033139441162347794,-0.5035057067871094,-1.0143417119979858
1772884866688413000,6.950412841796875,-0.3859141170978546,0.11255192011594772,-1.5164729356765747
1772884866705019600,6.96701953125,-0.4746423065662384,0.7958046793937683,-2.2656991481781006
1772884866721626400,6.98362646484375,-0.3712533414363861,1.0847439765930176,-2.727360486984253
1772884866738217500,7.000217529296875,-0.2704605758190155,0.8223773241043091,-2.6117544174194336
1772884866754839800,7.01683984375,-0.23747386038303375,0.2174680233001709,-1.8777997493743896
1772884866771443200,7.033443115234375,-0.29474249482154846,-0.4360050559043884,-0.7530441284179688
1772884866788058400,7.050058349609375,-0.4306600093841553,-0.9657779335975647,0.14492778480052948
1772884866804653600,7.066653564453125,-0.5322163701057434,-0.8260425329208374,0.37171149253845215
1772884866821260300,7.08326025390625,-0.5873469114303589,-0.15683965384960175,-0.15332718193531036
1772884866837845800,7.099845703125,-0.6180428862571716,0.4775438904762268,-0.8118399381637573
1772884866854468000,7.116468017578125,-0.6307183504104614,0.6664539575576782,-0.887739896774292
1772884866871071200,7.1330712890625,-0.6101016402244568,0.4004221558570862,-0.4127921760082245
1772884866887681800,7.149681884765625,-0.5448917746543884,0.05100724846124649,0.14324790239334106
1772884866904289000,7.1662890625,-0.4970915913581848,-0.18325957655906677,0.5057964324951172
1772884866920893200,7.18289306640625,-0.517250120639801,-0.2535090744495392,0.5853615999221802
1772884866937509400,7.19950927734375,-0.55069500207901,-0.22571471333503723,0.39736783504486084
1772884866954123300,7.216123291015625,-0.5062545537948608,-0.09575312584638596,0.235030397772789
1772884866970728700,7.232728759765625,-0.33857205510139465,-0.03756821155548096,0.24755313992500305
1772884866987318300,7.249318359375,-0.12568552792072296,-0.00809396430850029,0.6467535495758057
1772884867003929600,7.2659296875,-0.1417207419872284,-0.3885102868080139,1.4676038026809692
1772884867020527000,7.282527099609375,-0.3729332387447357,-0.8597928285598755,2.0668625831604004
1772884867037137700,7.2991376953125,-0.5988006591796875,-0.8319984674453735,1.83824622631073
1772884867053751000,7.3157509765625,-0.6415612101554871,-0.437226802110672,0.7250970602035522
1772884867070357500,7.332357421875,-0.5210680365562439,0.1137736514210701,-0.38240164518356323
1772884867086977300,7.348977294921875,-0.45142942667007446,0.44852781295776367,-0.6914994716644287
1772884867103586600,7.365586669921875,-0.408363401889801,0.4285219609737396,-0.4080579876899719
1772884867120195300,7.3821953125,-0.44516804814338684,0.1391245573759079,-0.12370020896196365
1772884867136767200,7.398767333984375,-0.5403103232383728,-0.23273965716362,-0.1635591685771942
1772884867153405700,7.41540576171875,-0.5334380865097046,-0.37537670135498047,-0.3831652104854584
1772884867170008600,7.432008544921875,-0.394618958234787,-0.2692388594150543,-0.7037167549133301
1772884867186620200,7.4486201171875,-0.2194533348083496,-0.14294247329235077,-0.8735373020172119
1772884867203226400,7.465226318359375,-0.09758572280406952,-0.12263119965791702,-0.7620543837547302
1772884867219837200,7.481837158203125,-0.05146539583802223,-0.18127426505088806,-0.47830748558044434
1772884867236424700,7.4984248046875,-0.0529925599694252,-0.36132678389549255,-0.19654589891433716
1772884867253047300,7.51504736328125,-0.013744467869400978,-0.4265366494655609,0.02367102913558483
1772884867269654300,7.531654296875,0.09636399149894714,-0.11652254313230515,0.14340060949325562
1772884867286256600,7.548256591796875,0.2811507284641266,0.3303253948688507,0.17608191072940826
1772884867302855200,7.564855224609375,0.471129834651947,0.6481280326843262,0.22449298202991486
1772884867319461400,7.58146142578125,0.612850546836853,0.7687739133834839,0.3323107063770294
1772884867336055300,7.59805517578125,0.6817256212234497,0.5853615999221802,0.49327367544174194
1772884867352675000,7.614675048828125,0.6757696866989136,0.1635591685771942,0.6817256212234497
1772884867369282000,7.631281982421875,0.6675229668617249,0.06017022579908371,0.7967209815979004
1772884867385889000,7.647888916015625,0.6411030888557434,0.3413209617137909,1.1093312501907349
1772884867402495500,7.66449560546875,0.5899431109428406,0.4973970353603363,1.6407840251922607
1772884867419106000,7.68110595703125,0.5874996781349182,0.3995058834552765,2.1726949214935303
1772884867435694800,7.69769482421875,0.5054910182952881,0.19349156320095062,2.4581217765808105
1772884867452334000,7.714333984375,0.3217732608318329,0.03573561832308769,2.3041837215423584
1772884867468933000,7.73093310546875,0.1394299864768982,-0.026114489883184433,1.749212622642517
1772884867485545200,7.747545166015625,0.06673702597618103,0.0884227454662323,0.912938117980957
1772884867502151400,7.7641513671875,0.035124752670526505,0.2474004179239273,-0.012675453908741474
1772884867518755800,7.780755859375,-0.023365596309304237,0.46181413531303406,-0.8165740966796875
1772884867535338000,7.797337890625,-0.09666942805051804,0.5529857873916626,-1.3151928186416626
1772884867551948000,7.813947998046875,-0.08567385375499725,0.2886338233947754,-1.4720325469970703
1772884867568565000,7.83056494140625,0.036041051149368286,-0.2174680233001709,-1.2705997228622437
1772884867585174800,7.8471748046875,0.10491610318422318,-0.6829473376274109,-0.8721628785133362
1772884867601772000,7.86377197265625,0.0731511116027832,-1.0682506561279297,-0.5152648091316223
1772884867618388700,7.880388671875,-0.006872233934700489,-1.165378212928772,-0.3471241891384125
1772884867634986500,7.896986572265625,-0.1293507218360901,-0.7585419416427612,-0.379652738571167
1772884867651616500,7.913616455078125,-0.2675589919090271,-0.1408044397830963,-0.46853363513946533
1772884867668218600,7.930218505859375,-0.36590829491615295,0.3608686327934265,-0.5007568001747131
1772884867684822300,7.946822265625,-0.4054618179798126,0.5372560024261475,-0.4764748811721802
1772884867701435400,7.963435302734375,-0.45295658707618713,0.308792382478714,-0.3471241891384125
1772884867718045200,7.980045166015625,-0.4573853611946106,0.0377209298312664,-0.020616702735424042
1772884867734630700,7.996630615234375,-0.4314235746860504,-0.17333301901817322,0.35903605818748474
1772884867751254300,8.013254150390624,-0.41859540343284607,-0.32910364866256714,0.6892086863517761
1772884867767857400,8.029857421875,-0.3903428912162781,-0.34758231043815613,0.7779368758201599
1772884867784468500,8.046468505859375,-0.31841349601745605,-0.14340060949325562,0.5248859524726868
1772884867801075200,8.0630751953125,-0.30894508957862854,-0.038026362657547,0.058795779943466187
1772884867817663700,8.079663818359375,-0.3888157308101654,0.14019356667995453,-0.5638286471366882
1772884867834253600,8.096253662109374,-0.4288274049758911,0.40744712948799133,-1.2292135953903198
1772884867850881300,8.11288134765625,-0.36850446462631226,0.8425359129905701,-1.8336647748947144
1772884867867487700,8.12948779296875,-0.2964223623275757,1.6881260871887207,-1.9506454467773438
1772884867884089600,8.146089599609375,-0.15241087973117828,1.955379605293274,-0.8743008971214294
1772884867900703000,8.162702880859374,0.11453723162412643,0.9321803450584412,1.0505355596542358
1772884867917330200,8.179330078125,0.15454891324043274,-0.764345109462738,2.334268808364868
1772884867933913300,8.195913330078126,0.275347501039505,-1.4020884037017822,2.5746443271636963
1772884867950536700,8.21253662109375,0.513126790523529,-1.4072808027267456,2.1255056858062744
1772884867967141000,8.22914111328125,0.9451612234115601,-0.8405506014823914,0.5853615999221802
1772884867983752400,8.24575244140625,1.2794572114944458,1.0764973163604736,-1.0708467960357666
1772884868000355800,8.26235595703125,1.6461291313171387,1.5651894807815552,-1.7285959720611572
1772884868016964600,8.278964599609376,1.7490599155426025,0.7292203903198242,-1.3454307317733765
1772884868033554400,8.295554443359375,1.168279767036438,-0.23426681756973267,-0.5824599862098694
1772884868050177800,8.312177734375,0.48808133602142334,-0.9775370955467224,-0.4602869749069214
1772884868066785500,8.32878564453125,-0.04245513305068016,-1.6174184083938599,-1.2079859972000122
1772884868083391200,8.34539111328125,-0.29794952273368835,-1.2177598476409912,-2.736218214035034
1772884868099999200,8.361999267578126,-0.27458393573760986,0.16722436249256134,-4.07859468460083
1772884868116604200,8.378604248046875,-0.29886582493782043,1.0236574411392212,-3.8258490562438965
1772884868133195500,8.395195556640624,-0.15821409225463867,0.7481572031974792,-1.7971655130386353
1772884868149792500,8.41179248046875,0.08292495459318161,-0.6296493411064148,0.5432119369506836
1772884868166420200,8.428420166015625,0.2431243658065796,-1.8906279802322388,1.878868818283081
1772884868183026200,8.445026123046874,0.20311269164085388,-1.983632206916809,1.8910861015319824
1772884868199640800,8.461640869140625,-0.08032877743244171,-0.675616979598999,0.942259669303894
1772884868216242400,8.478242431640625,-0.617584764957428,1.2389874458312988,-0.13240504264831543
1772884868232837000,8.494837158203126,-1.0227410793304443,2.163379192352295,-0.7405213713645935
1772884868249460700,8.511460693359375,-1.0800096988677979,1.5370897054672241,-0.45142942667007446
1772884868266061800,8.528061767578125,-0.8715519905090332,0.3404046595096588,0.33597588539123535
1772884868282686200,8.544686279296876,-0.5688682794570923,-0.5728389024734497,1.0793988704681396
1772884868299257600,8.561257568359375,-0.35735616087913513,-1.0236574411392212,1.5528194904327393
1772884868315874600,8.57787451171875,-0.25824329257011414,-0.9514226317405701,1.644449234008789
1772884868332468000,8.594468017578125,-0.27290403842926025,-0.43127086758613586,1.4321736097335815
1772884868349088300,8.611088134765625,-0.33139440417289734,0.19532416760921478,1.1297953128814697
1772884868365695000,8.627695068359374,-0.36972618103027344,0.6340781450271606,0.7851145267486572
1772884868382302200,8.64430224609375,-0.41401392221450806,0.826195240020752,0.5384777188301086
1772884868398908700,8.66090869140625,-0.4486805200576782,0.6812674403190613,0.6305656433105469
1772884868415510300,8.67751025390625,-0.38927388191223145,0.8038986921310425,0.9199630618095398
1772884868432128800,8.694128662109375,-0.31093040108680725,1.2006556987762451,1.2183706760406494
1772884868448743700,8.71074365234375,-0.19120082259178162,1.3214542865753174,1.5902349948883057
1772884868465355800,8.727355712890626,-0.14034628868103027,1.1053606271743774,1.9228510856628418
1772884868481947100,8.743947021484376,-0.10277807712554932,0.7677049040794373,1.9756909608840942
1772884868498565000,8.760565185546875,-0.060475658625364304,0.5250386595726013,1.6342172622680664
1772884868515174100,8.777174072265625,-0.07696902006864548,0.4970915913581848,0.9051495790481567
1772884868531761200,8.79376123046875,-0.20204368233680725,0.7840455174446106,0.05314527451992035
1772884868548385000,8.810385009765625,-0.33735033869743347,0.9650143980979919,-0.4109596014022827
1772884868564996400,8.826996337890625,-0.2405281960964203,0.7115052938461304,0.10781771689653397
1772884868581589800,8.84358984375,0.16340644657611847,-0.08536841720342636,1.2060006856918335
1772884868598205200,8.860205078125,0.413097620010376,-1.0251846313476562,2.303725481033325
1772884868614815700,8.876815673828125,0.06688974797725677,-1.7266106605529785,3.218190908432007
1772884868631404000,8.893404052734375,-0.6180428862571716,-2.266157388687134,2.4420864582061768
1772884868648026000,8.910026123046874,-0.9462302923202515,-1.1484266519546509,-0.1895209401845932
1772884868664633000,8.926633056640625,-0.870330274105072,0.03894266113638878,-2.788599729537964
1772884868681235500,8.9432353515625,-0.6114761233329773,0.34605515003204346,-3.772092819213867
1772884868697846800,8.9598466796875,-0.33139440417289734,-0.10231992602348328,-2.792112350463867
1772884868714457900,8.976457763671876,-0.04841107130050659,-0.755182147026062,-1.138958215713501
1772884868731043300,8.993043212890624,-0.12064588814973831,-1.274570345878601,0.11102475970983505
1772884868747664000,9.009663818359375,-0.36682456731796265,-1.0975720882415771,0.08155050873756409
1772884868764280800,9.02628076171875,-0.6290385127067566,-0.4590652287006378,-0.8894197940826416
1772884868780874800,9.042874755859375,-0.7423539757728577,0.025961773470044136,-1.8399261236190796
1772884868797474800,9.059474853515624,-0.6908885836601257,-0.11194105446338654,-1.9634735584259033
1772884868814081500,9.07608154296875,-0.5212207436561584,-0.6334672570228577,-1.333213448524475
1772884868830688000,9.09268798828125,-0.418748140335083,-0.801913321018219,-0.6548475623130798
1772884868847295500,9.10929541015625,-0.4323398768901825,-0.6876815557479858,-0.2782491147518158
1772884868863901700,9.125901611328125,-0.3831652104854584,-0.5386304259300232,-0.1739438772201538
1772884868880511500,9.142511474609375,-0.23808473348617554,-0.3839288055896759,-0.17211128771305084
1772884868897111600,9.159111572265624,-0.08735372871160507,-0.19914206862449646,-0.3039054572582245
1772884868913737200,9.1757373046875,0.027641652151942253,-0.04932736977934837,-0.417679101228714
1772884868930326500,9.192326416015625,0.15851953625679016,0.14294247329235077,-0.30085113644599915
1772884868946950400,9.208950439453124,0.22159136831760406,0.2252565622329712,-0.036651913076639175
1772884868963556900,9.225556884765625,0.14004085958003998,0.16081027686595917,0.23182335495948792
1772884868980160300,9.24216015625,0.11652254313230515,0.26481008529663086,0.49037206172943115
1772884868996771000,9.25877099609375,0.2122756689786911,0.3315471112728119,0.6626361012458801
1772884869013381600,9.275381591796876,0.3139847218990326,0.2744311988353729,0.793666660785675
1772884869029968000,9.2919677734375,0.30314189195632935,0.11652254313230515,0.8097018599510193
1772884869046592000,9.308592041015626,0.24113905429840088,0.08368854224681854,0.6701191663742065
1772884869063198000,9.325197998046875,0.19456058740615845,0.08139779418706894,0.6661485433578491
1772884869079801300,9.34180126953125,0.21594086289405823,0.06933320313692093,0.8576548099517822
1772884869096412400,9.358412353515625,0.19562959671020508,0.0682641938328743,0.8458956480026245
1772884869113023200,9.375023193359375,0.19837848842144012,0.12980885803699493,0.5815436840057373
1772884869129609200,9.391609130859376,0.12996158003807068,0.2970332205295563,0.3539963960647583
1772884869146232600,9.408232666015625,-0.06108652427792549,0.5516113042831421,0.28649580478668213
1772884869162842400,9.42484228515625,-0.13927727937698364,0.8093964457511902,0.29184088110923767
1772884869179440000,9.441440185546876,-0.11423180252313614,0.8121453523635864,0.12797626852989197
1772884869196053800,9.4580537109375,-0.1569923609495163,0.6053674817085266,-0.29474249482154846
1772884869212664800,9.474664794921875,-0.09468411654233932,0.4586070775985718,-0.6334672570228577
1772884869229267000,9.491266845703125,0.03130684420466423,0.2396118938922882,-0.8405506014823914
1772884869245874400,9.50787451171875,0.15027284622192383,0.034666601568460464,-0.9259189963340759
1772884869262464300,9.52446435546875,0.28298333287239075,0.06505715101957321,-0.8119926452636719
